rank,ch_raw,career_high,prev_career_high,at_career_high,is_new_career_high,player,age,country,flag,points,rank_change,current,previous,next,max,is_playing
1,CH,1,,yes,no,Carlos Alcaraz,22,ESP,ESP,13160,,-390,Indian Wells R64 13200 14150,,,yes
2,1,1,,no,no,Jannik Sinner,24,ITA,ITA,10450,,+50,Indian Wells R32 (R64 )10500 11400,,,yes
3,1,1,,no,no,Novak Djoković,38,SRB,SRB,5280,,,Indian Wells R64 5320 6270,,,yes
4,2,2,,no,no,Alexander Zverev,28,GER,GER,4555,,,Indian Wells R32 (R64 )4605 5505,,,yes
5,CH,5,,yes,no,Lorenzo Musetti,24,ITA,ITA,4365,,-40,,Lost in Indian Wells R64,,no
6,CH,6,,yes,no,Alex de Minaur,27,AUS,AUS,4145,,-90,Indian Wells R64 4185 5135,,,yes
7,4,4,,no,no,Taylor Fritz,28,USA,USA,4130,,-90,Indian Wells R64 4170 5120,,,yes
8,5,5,,no,no,Félix Auger-Aliassime,25,CAN,CAN,3950,,+1,Indian Wells R32 4000 4900,,,yes
9,5,5,,no,no,Ben Shelton,23,USA,USA,3860,-1,-150,Indian Wells R32 (R64 )3910 4810,,,yes
10,CH,10,,yes,no,Alexander Bublik,28,KAZ,KAZ,3325,,-80,Indian Wells R64 3365 4315 Advertisement,,,yes
11,1,1,,no,no,Daniil Medvedev,30,RUS,RUS,2970,,-390,Indian Wells R64 3010 3960,,,yes
12,CH,12,,yes,no,Jakub Menšík,20,CZE,CZE,2650,,,Indian Wells R32 2700 3600,,,yes
13,2,2,,no,no,Casper Ruud,27,NOR,NOR,2625,,,Indian Wells R64 2665 3615,,,yes
14,NCH (15),14,15,yes,yes,Flavio Cobolli,23,ITA,ITA,2520,+1,+40,Indian Wells R32 (R64 )2570 3470,,,yes
15,8,8,,no,no,Karen Khachanov,29,RUS,RUS,2410,+1,-40,Indian Wells R64 2450 3400,,,yes
16,5,5,,no,no,Andrey Rublev,28,RUS,RUS,2400,,+1,Indian Wells R64 2440 3390,,,yes
17,14,14,,no,no,Alejandro Davidovich Fokina,26,ESP,ESP,2190,,+2,Indian Wells R32 2240 3140,,,yes
18,NCH (21),18,21,yes,yes,Luciano Darderi,24,ITA,ITA,2050,+3,-54,Indian Wells R64 2090 3040,,,yes
19,18,18,,no,no,Francisco Cerúndolo,27,ARG,ARG,1980,+1,-190,Indian Wells R64 2020 2970,,,yes
20,10,10,,no,no,Frances Tiafoe,28,USA,USA,1870,,+2,Indian Wells R32 1920 2820,,,yes
21,16,16,,no,no,Jiří Lehečka,24,CZE,CZE,1850,,+2,Indian Wells R64 1890 2840,,,yes
22,8,8,,no,no,Tommy Paul,28,USA,USA,1765,+2,-50,Indian Wells R32 1815 2715,,,yes
23,CH,23,,yes,no,Learner Tien,20,USA,USA,1710,+4,+25,Indian Wells R32 1760 2660,,,yes
24,NCH (25),24,25,yes,yes,Valentin Vacherot,27,MON,MON,1701,+2,+10,Indian Wells R64 1741 2691,,,yes
25,4,4,,no,no,Holger Rune,22,DEN,DEN,1640,-7,-650,,,,no
26,CH,26,,yes,no,Arthur Rinderknech,30,FRA,FRA,1617,,+2,Indian Wells R64 1657 2607,,,yes
27,21,21,,no,no,Tallon Griekspoor,29,NED,NED,1585,-2,-200,,,,no
28,8,8,,no,no,Cameron Norrie,30,GBR,GBR,1563,+1,-40,Indian Wells R64 1603 2553,,,yes
29,4,4,,no,no,Jack Draper,24,GBR,GBR,1520,-15,-990,Indian Wells R64 1560 2510,,,yes
30,29,29,,no,no,Brandon Nakashima,24,USA,USA,1485,,-50,Indian Wells R32 1535 2435,,,yes
31,27,27,,no,no,Tomás Martín Etcheverry,26,ARG,ARG,1430,,-15,,Lost in Indian Wells R64,,no
32,31,31,,no,no,Corentin Moutet,26,FRA,FRA,1363,+1,-20,Indian Wells R64 1403 2353,,,yes
33,14,14,,no,no,Arthur Fils,21,FRA,FRA,1290,-1,-150,Indian Wells R32 1340 2240,,,yes
34,13,13,,no,no,Ugo Humbert,27,FRA,FRA,1245,,-40,Indian Wells R64 1285 2235,,,yes
35,33,33,,no,no,Jaume Munar,28,ESP,ESP,1225,+1,-10,,,,no
36,15,15,,no,no,Sebastian Korda,25,USA,USA,1200,+1,-20,Indian Wells R64 (R128 )1220 2170,,,yes
37,33,33,,no,no,Gabriel Diallo,24,CAN,CAN,1165,+1,-10,Indian Wells R64 1185 2135,,,yes
38,10,10,,no,no,Denis Shapovalov,26,CAN,CAN,1160,,+1,Indian Wells R32 (R128 )1210 2110,,,yes
39,19,19,,no,no,Alejandro Tabilo,28,CHI,CHI,1118,+1,-20,Indian Wells R64 (R128 )1138 2088,,,yes
40,33,33,,no,no,Jenson Brooksby,25,USA,USA,1115,+1,-20,,Lost in Indian Wells R64,,no
41,24,24,,no,no,João Fonseca,19,BRA,BRA,1065,-6,-175,Indian Wells R64 (R128 )1085 2035,,,yes
42,30,30,,no,no,Alex Michelsen,21,USA,USA,1065,+2,-20,Indian Wells R64 1085 2035,,,yes
43,3,3,,no,no,Grigor Dimitrov,34,BUL,BUL,1035,-1,-70,Indian Wells R64 (R128 )1055 2005,,,yes
44,17,17,,no,no,Adrian Mannarino,37,FRA,FRA,1035,+4,+10,,Lost in Indian Wells R128,,no
45,39,39,,no,no,Zizou Bergs,26,BEL,BEL,1030,,+2,,Lost in Indian Wells R64,,no
46,36,36,,no,no,Fábián Marozsán,26,HUN,HUN,1020,,-20,,Lost in Indian Wells R128,,no
47,19,19,,no,no,Alexei Popyrin,26,AUS,AUS,1010,-2,-40,,Lost in Indian Wells R128,,no
48,20,20,,no,no,Tomáš Macháč,25,CZE,CZE,1000,+2,-10,,,,no
49,3,3,,no,no,Marin Čilić,37,CRO,CRO,1000,+2,+10,,Lost in Indian Wells R128,,no
50,30,30,,no,no,Nuno Borges,29,POR,POR,995,-1,-25,Indian Wells R64 1015 1965 Advertisement,,,yes
51,3,3,,no,no,Stefanos Tsitsipas,27,GRE,GRE,995,-8,-90,,Lost in Indian Wells R128,,no
52,CH,52,,yes,no,Térence Atmane,24,FRA,FRA,968,,+10,,Lost in Indian Wells R128,,no
53,18,18,,no,no,Sebastián Báez,25,ARG,ARG,960,,+20,Indian Wells R64 980 1930,,,yes
54,31,31,,no,no,Márton Fucsovics,34,HUN,HUN,959,+2,+43,Indian Wells R32 1009 1909,,,yes
55,44,44,,no,no,Daniel Altmaier,27,GER,GER,906,,-15,,Lost in Indian Wells R128,,no
56,55,55,,no,no,Kamil Majchrzak,30,POL,POL,905,+1,+10,Indian Wells R64 (R128 )925 1875,,,yes
57,29,29,,no,no,Giovanni Mpetshi Perricard,22,FRA,FRA,890,-3,-40,,Lost in Indian Wells R128,,no
58,27,27,,no,no,Miomir Kecmanović,26,SRB,SRB,880,,+5,,Lost in Indian Wells R64,,no
59,NCH (62),59,62,yes,yes,Vít Kopřiva,28,CZE,CZE,876,+3,+28,Indian Wells R64,Lost in Qual. Indian Wells R2 Lost in Qual. Indian Wells R2 Indian Wells R64 896 1846,,yes
60,21,21,,no,no,Lorenzo Sonego,30,ITA,ITA,850,,+1,,,,no
61,NCH (63),61,63,yes,yes,Ignacio Buse,21,PER,PER,836,+2,-12,,Lost in Qual. Indian Wells R2,,no
62,45,45,,no,no,Yannick Hanfmann,34,GER,GER,835,,+3,,,,no
63,22,22,,no,no,Botic van de Zandschulp,30,NED,NED,823,-4,-50,,Lost in Indian Wells R128,,no
64,17,17,,no,no,Reilly Opelka,28,USA,USA,803,+4,+17,,Lost in Indian Wells R64,,no
65,6,6,,no,no,Matteo Berrettini,29,ITA,ITA,800,+1,-20,,Lost in Indian Wells R64,,no
66,43,43,,no,no,Camilo Ugo Carabelli,26,ARG,ARG,795,+1,+5,,Lost in Indian Wells R64,,no
67,NCH (70),67,70,yes,yes,Juan Manuel Cerúndolo,24,ARG,ARG,786,+3,+8,Indian Wells R64 806 1756,,,yes
68,54,54,,no,no,Valentin Royer,24,FRA,FRA,782,-8,-90,,Lost in Indian Wells R128,,no
69,59,59,,no,no,Raphaël Collignon,24,BEL,BEL,743,+8,+10,,Lost in Indian Wells R128,,no
70,64,64,,no,no,Ethan Quinn,21,USA,USA,741,+3,-20,,Lost in Indian Wells R128,,no
71,NCH (75),71,75,yes,yes,Emilio Nava,24,USA,USA,741,+4,-12,,Lost in Indian Wells R128,,no
72,58,58,,no,no,Arthur Cazaux,23,FRA,FRA,741,,+4,,,,no
73,6,6,,no,no,Hubert Hurkacz,29,POL,POL,735,-2,-40,,Lost in Indian Wells R128,,no
74,67,67,,no,no,Eliot Spizzirri,24,USA,USA,726,+4,-5,,,,no
75,23,23,,no,no,Damir Džumhur,33,BIH,BIH,723,-11,-117,,Lost in Indian Wells R128,,no
76,21,21,,no,no,Jan Lennard Struff,35,GER,GER,719,,+4,,Lost in Indian Wells R128,,no
77,37,37,,no,no,Marcos Giron,32,USA,USA,710,-8,-70,,Lost in Indian Wells R64,,no
78,29,29,,no,no,Mariano Navone,25,ARG,ARG,705,+1,-20,,Lost in Indian Wells R128,,no
79,46,46,,no,no,James Duckworth,34,AUS,AUS,691,,+4,,Lost in Indian Wells R128,,no
80,74,74,,no,no,Thiago Agustín Tirante,24,ARG,ARG,691,-6,-65,,Lost in Qual. Indian Wells R2,,no
81,54,54,,no,no,Francisco Comesaña,25,ARG,ARG,679,+1,-15,,Lost in Indian Wells R128,,no
82,49,49,,no,no,Jacob Fearnley,24,GBR,GBR,679,+5,+17,Indian Wells R64 699 1649,,,yes
83,45,45,,no,no,Alexander Shevchenko,25,KAZ,KAZ,676,+5,+17,Indian Wells R64 696 1646,,,yes
84,38,38,,no,no,Alexandre Müller,29,FRA,FRA,675,-3,-40,,,,no
85,76,76,,no,no,Filip Misolic,24,AUT,AUT,671,,-1,,,,no
86,71,71,,no,no,Jesper de Jong,25,NED,NED,665,,,,,,no
87,9,9,,no,no,Roberto Bautista Agut,37,ESP,ESP,665,+6,+20,Indian Wells R64 (R128 )685 1635,,,yes
88,48,48,,no,no,Aleksandar Vukic,29,AUS,AUS,656,,+1,,Lost in Qual. Indian Wells R2,,no
89,3,3,,no,no,Stan Wawrinka,40,SUI,SUI,649,,+3,,,,no
90,17,17,,no,no,Cristian Garín,29,CHI,CHI,646,,-10,,,,no
91,NCH (98),91,98,yes,yes,Zachary Svajda,23,USA,USA,644,+8,+30,,Lost in Indian Wells R64 (R128 ),,no
92,54,54,,no,no,Aleksandar Kovačević,27,USA,USA,641,-20,-130,Indian Wells R64 (R128 )661 1611,,,yes
93,NCH (95),93,95,yes,yes,Patrick Kypson,26,USA,USA,640,,+2,,Lost in Qual. Indian Wells R1,,no
94,63,63,,no,no,Mattia Bellucci,24,ITA,ITA,637,,-3,,Lost in Indian Wells R128,,no
95,74,74,,no,no,Adam Walton,26,AUS,AUS,630,-4,-20,,Lost in Indian Wells R64,,no
96,94,94,,no,no,Alexander Blockx,20,BEL,BEL,626,,+1,,Lost in Qual. Indian Wells R1,,no
97,30,30,,no,no,Matteo Arnaldi,25,ITA,ITA,625,-12,-40,,Lost in Indian Wells R128,,no
98,86,86,,no,no,Dalibor Svrčina,23,CZE,CZE,619,+11,+50,**Qual. Indian Wells W**,Lost in Indian Wells R64,,yes
99,96,96,,no,no,Román Andrés Burruchaga,24,ARG,ARG,619,-1,+2,,Lost in Qual. Indian Wells R2,,no
100,NCH (101),100,101,yes,yes,Adolfo Daniel Vallejo,21,PAR,PAR,609,+4,+16,Brasilia SF 631 662 Advertisement,,,yes
101,83,83,,no,no,Carlos Taberner,28,ESP,ESP,608,,-1,,,,no
102,101,101,,no,no,Vilius Gaubas,21,LTU,LTU,603,,-1,,,,no
103,37,37,,no,no,Sebastian Ofner,29,AUT,AUT,596,+5,+25,Thionville SF 621 671,,,yes
104,58,58,,no,no,Hugo Gaston,25,FRA,FRA,594,-8,-37,Thionville SF 619 669,,,yes
105,42,42,,no,no,Benjamin Bonzi,29,FRA,FRA,591,+6,+27,Indian Wells R64**Qual. Indian Wells W****Qual. Indian Wells W** Indian Wells R64 611 1561,,,yes
106,NCH (115),106,115,yes,yes,Dino Prižmić,20,CRO,CRO,591,+13,+50,**Qual. Indian Wells W**,Lost in Indian Wells R64,,yes
107,103,103,,no,no,Rafael Jódar,19,ESP,ESP,588,-4,-6,,Lost in Indian Wells R128,,no
108,NCH (113),108,113,yes,yes,Sho Shimabukuro,28,JPN,JPN,584,+5,+30,**Qual. Indian Wells W**,Lost in Indian Wells R128,,yes
109,46,46,,no,no,Quentin Halys,29,FRA,FRA,580,-7,-20,,Lost in Indian Wells R128,,no
110,63,63,,no,no,Luca Van Assche,21,FRA,FRA,578,-5,-12,,Lost in Qual. Indian Wells R1,,no
111,108,108,,no,no,Francesco Maestrelli,23,ITA,ITA,577,+3,+24,**Qual. Indian Wells W**,Lost in Indian Wells R128,,yes
112,36,36,,no,no,Pedro Martínez,28,ESP,ESP,576,-6,-10,,,,no
113,95,95,,no,no,Tristan Schoolkate,25,AUS,AUS,570,+5,+23,**Qual. Indian Wells W**,Lost in Indian Wells R128,,yes
114,62,62,,no,no,Rinky Hijikata,25,AUS,AUS,567,+3,+20,Indian Wells R64**Qual. Indian Wells W****Qual. Indian Wells W** Indian Wells R64 587 1537,,,yes
115,57,57,,no,no,Hamad Medjedović,22,SRB,SRB,565,,-5,,,,no
116,10,10,,no,no,Pablo Carreño Busta,34,ESP,ESP,561,-9,-17,,,,no
117,54,54,,no,no,Yibing Wu,26,CHN,CHN,559,,-5,,,,no
118,93,93,,no,no,Tomás Barrios Vera,28,CHI,CHI,551,,-3,,Lost in Qual. Indian Wells R2,,no
119,26,26,,no,no,Jordan Thompson,31,AUS,AUS,538,-3,-10,,,,no
120,102,102,,no,no,Elmer Møller,22,DEN,DEN,534,,+1,,Lost in Brasilia R32,,no
121,CH,121,,yes,no,Jan Choinski,29,GBR,GBR,532,+1,+2,,Lost in Thionville QF,,no
122,120,120,,no,no,Titouan Droguet,24,FRA,FRA,528,,+2,,,,no
123,37,37,,no,no,Mackenzie McDonald,30,USA,USA,518,+3,+20,Indian Wells R64**Qual. Indian Wells W****Qual. Indian Wells W** Indian Wells R64 538 1488,,,yes
124,123,123,,no,no,Coleman Wong,21,HKG,HKG,515,-1,-13,,Lost in Qual. Indian Wells R1,,no
125,91,91,,no,no,Otto Virtanen,24,FIN,FIN,512,+3,+25,Thionville SF 537 587,,,yes
126,23,23,,no,no,Dušan Lajović,35,SRB,SRB,511,-6,-24,,,,no
127,125,125,,no,no,Andrea Pellegrino,28,ITA,ITA,510,,-2,,,,no
128,53,53,,no,no,Christopher O'Connell,31,AUS,AUS,493,,-1,**Qual. Indian Wells W**,Lost in Indian Wells R128,,yes
129,92,92,,no,no,Shintaro Mochizuki,22,JPN,JPN,484,+1,+10,,Lost in Qual. Indian Wells R2,,no
130,112,112,,no,no,Marco Trungelliti,36,ARG,ARG,471,+2,+6,,Lost in Kigali 1 QF,,no
131,CH,131,,yes,no,Dane Sweeny,25,AUS,AUS,470,,+2,,Lost in Qual. Indian Wells R2,,no
132,125,125,,no,no,Martin Damm,22,USA,USA,469,-3,-8,,Lost in Indian Wells R128,,no
133,NCH (139),133,139,yes,yes,Daniel Mérida,21,ESP,ESP,458,+6,+26,**Qual. Indian Wells W**,Lost in Indian Wells R128,,yes
134,CH,134,,yes,no,Jack Pinnington Jones,22,GBR,GBR,456,,,,Lost in Qual. Indian Wells R1,,no
135,67,67,,no,no,Luca Nardi,22,ITA,ITA,444,,-10,,Lost in Qual. Indian Wells R1,,no
136,83,83,,no,no,Chun Hsin Tseng,24,TWN,TWN,441,+8,+27,**Qual. Indian Wells W**,Lost in Indian Wells R128,,yes
137,16,16,,no,no,Nikoloz Basilashvili,34,GEO,GEO,438,-4,-26,,Lost in Qual. Indian Wells R2,,no
138,134,134,,no,no,Moez Echargui,33,TUN,TUN,435,,,,Lost in Qual. Indian Wells R1,,no
139,137,137,,no,no,Chris Rodesch,24,LUX,LUX,434,-2,-12,,,,no
140,89,89,,no,no,Francesco Passaro,25,ITA,ITA,431,,,,,,no
141,132,132,,no,no,Nicolai Budkov Kjaer,19,NOR,NOR,430,+9,+23,Thionville SF 455 505,,,yes
142,NCH (145),142,145,yes,yes,Michael Zheng,22,USA,USA,414,,+3,,Lost in Indian Wells R128,,no
143,102,102,,no,no,Kyrian Jacquet,24,FRA,FRA,407,,+6,,,,no
144,101,101,,no,no,Billy Harris,31,GBR,GBR,406,,+7,,Lost in Qual. Indian Wells R1,,no
145,113,113,,no,no,Liam Draxl,24,CAN,CAN,406,+2,-6,,Lost in Qual. Indian Wells R1,,no
146,106,106,,no,no,Zsombor Piros,26,HUN,HUN,402,-4,-14,,,,no
147,31,31,,no,no,Lloyd Harris,29,RSA,RSA,399,,+5,Fujairah 1 R32 403 449,,,yes
148,NCH (156),148,156,yes,yes,Arthur Géa,21,FRA,FRA,396,+13,+19,,Lost in Kigali 1 SF,,no
149,64,64,,no,no,Yunchaokete Bu,24,CHN,CHN,394,-8,-30,,,,no
150,110,110,,no,no,Martin Landaluce,20,ESP,ESP,394,+5,+3,,Lost in Qual. Indian Wells R2 Advertisement,,no
151,16,16,,no,no,Nicolás Jarry,30,CHI,CHI,391,,+3,,Lost in Qual. Indian Wells R1,,no
152,6,6,,no,no,Gaël Monfils,39,FRA,FRA,390,-4,-20,,Lost in Indian Wells R64 (R128 ),,no
153,139,139,,no,no,Ugo Blanchet,27,FRA,FRA,389,+9,+14,,Lost in Thionville QF,,no
154,149,149,,no,no,Henrique Rocha,21,POR,POR,386,+15,+22,Brasilia SF 408 439,,,yes
155,109,109,,no,no,Lukáš Klein,27,SVK,SVK,386,,+3,,,,no
156,7,7,,no,no,David Goffin,35,BEL,BEL,385,-13,-30,,Lost in Qual. Indian Wells R1,,no
157,87,87,,no,no,Jaime Faria,22,POR,POR,381,+6,+6,,Lost in Brasilia R16,,no
158,145,145,,no,no,Mark Lajal,22,EST,EST,379,,+2,,,,no
159,64,64,,no,no,Hugo Dellien,32,BOL,BOL,375,,+5,,,,no
160,110,110,,no,no,Giulio Zeppieri,24,ITA,ITA,374,-7,-23,,Lost in Thionville R16,,no
161,133,133,,no,no,Colton Smith,23,USA,USA,371,-25,-75,,Lost in Qual. Indian Wells R1,,no
162,60,60,,no,no,Stefano Travaglia,34,ITA,ITA,370,,+4,,Lost in Qual. Indian Wells R1,,no
163,125,125,,no,no,Alex Bolt,33,AUS,AUS,369,,+4,,Lost in Qual. Indian Wells R1,,no
164,49,49,,no,no,Roberto Carballés Baena,32,ESP,ESP,365,+4,-3,,Lost in Kigali 1 R32,,no
165,157,157,,no,no,Rei Sakamoto,19,JPN,JPN,363,-6,-19,,Lost in Qual. Indian Wells R1,,no
166,24,24,,no,no,Yoshihito Nishioka,30,JPN,JPN,361,,+4,,,,no
167,159,159,,no,no,Luka Mikrut,21,CRO,CRO,360,-2,-11,,Lost in Kigali 1 R16,,no
168,117,117,,no,no,Leandro Riedi,24,SUI,SUI,356,,+4,,Lost in Qual. Indian Wells R1,,no
169,105,105,,no,no,Elias Ymer,29,SWE,SWE,355,+5,+3,,Lost in Qual. Indian Wells R2,,no
170,123,123,,no,no,Jérôme Kym,23,SUI,SUI,354,+10,+12,,Lost in Kigali 1 QF,,no
171,103,103,,no,no,Harold Mayot,24,FRA,FRA,347,,+7,,,,no
172,170,170,,no,no,Alex Barrena,23,ARG,ARG,347,,+7,,,,no
173,147,147,,no,no,Guy Den Ouden,23,NED,NED,341,-17,-50,,Lost in Brasilia R32,,no
174,152,152,,no,no,Arthur Fery,23,GBR,GBR,339,-1,-16,,,,no
175,12,12,,no,no,Borna Ćorić,29,CRO,CRO,338,-29,-75,,,,no
176,NCH (184),176,184,yes,yes,Clément Chidekh,24,FRA,FRA,334,+11,+4,,Lost in Thionville R16,,no
177,153,153,,no,no,Jay Clarke,27,GBR,GBR,333,,+7,,Lost in Kigali 1 R32,,no
178,133,133,,no,no,Federico Agustin Gomez,29,ARG,ARG,331,,+7,,Lost in Qual. Indian Wells R1,,no
179,167,167,,no,no,Daniil Glinka,25,EST,EST,328,-3,-21,,Lost in Thionville R32,,no
180,168,168,,no,no,Nicolás Mejía,26,COL,COL,324,+1,-14,,Lost in Qual. Indian Wells R1,,no
181,156,156,,no,no,Vitaliy Sachko,28,UKR,UKR,323,+7,-6,,Lost in Qual. Indian Wells R1,,no
182,17,17,,no,no,Bernard Tomic,33,AUS,AUS,323,,+7,,,,no
183,36,36,,no,no,Pierre Hugues Herbert,34,FRA,FRA,320,-26,-68,,Lost in Thionville R16,,no
184,87,87,,no,no,Jurij Rodionov,26,AUT,AUT,318,-7,-30,,Lost in Thionville QF,,no
185,180,180,,no,no,Justin Engel,18,GER,GER,315,,+7,,Lost in Thionville R32,,no
186,131,131,,no,no,Pablo Llamas Ruiz,23,ESP,ESP,314,,+7,,,,no
187,72,72,,no,no,Borna Gojo,28,CRO,CRO,311,,+7,,,,no
188,125,125,,no,no,Matteo Gigante,24,ITA,ITA,310,-17,-50,,,,no
189,NCH (214),189,214,yes,yes,Joel Schwärzler,20,AUT,AUT,310,+25,+38,Kigali 1 F 341 341,,,yes
190,95,95,,no,no,Hugo Grenier,29,FRA,FRA,310,,+5,,Lost in Thionville R32,,no
191,123,123,,no,no,Timofey Skatov,25,KAZ,KAZ,310,,-8,,Lost in Thionville R32,,no
192,111,111,,no,no,Zdeněk Kolář,29,CZE,CZE,310,+5,+2,,Lost in Kigali 1 R16,,no
193,183,183,,no,no,Oliver Crawford,26,GBR,GBR,309,,+3,,,,no
194,99,99,,no,no,Nishesh Basavareddy,20,USA,USA,306,,+4,,,,no
195,190,190,,no,no,Clément Tabur,26,FRA,FRA,304,-5,-14,,Lost in Thionville R32,,no
196,38,38,,no,no,Alex Molčan,28,SVK,SVK,302,,+4,,Lost in Thionville R32,,no
197,144,144,,no,no,August Holmgren,27,DEN,DEN,301,,+4,,Lost in Thionville R32,,no
198,21,21,,no,no,Daniel Evans,35,GBR,GBR,300,,+4,,,,no
199,183,183,,no,no,Federico Cina,18,ITA,ITA,299,-16,-36,,,,no
200,127,127,,no,no,Lorenzo Giustino,34,ITA,ITA,296,+4,+4,,Lost in Hersonissos 1 QF Advertisement,,no
201,194,194,,no,no,Dan Added,26,FRA,FRA,295,,+2,,Lost in Thionville R32,,no
202,27,27,,no,no,Laslo Djere,30,SRB,SRB,288,,+4,,,,no
203,NCH (208),203,208,yes,yes,Juan Carlos Prado Angelo,21,BOL,BOL,288,+7,+9,,Lost in Brasilia QF,,no
204,175,175,,no,no,Álvaro Guillén Meza,23,ECU,ECU,287,,+3,,Lost in Brasilia R32,,no
205,125,125,,no,no,Juan Pablo Ficovich,29,ARG,ARG,286,-19,-44,,Lost in Brasilia R32,,no
206,153,153,,no,no,Alexis Galarneau,27,CAN,CAN,285,+13,+20,**Qual. Indian Wells W**,Lost in Indian Wells R128,,yes
207,187,187,,no,no,João Lucas Reis Da Silva,25,BRA,BRA,281,-2,-10,,Lost in Brasilia R16,,no
208,201,201,,no,no,Gilles Arnaud Bailly,20,BEL,BEL,280,,+1,,Lost in Thionville R32,,no
209,NCH (212),209,212,yes,yes,Remy Bertola,27,SUI,SUI,273,,+3,,Lost in Thionville R32,,no
210,205,205,,no,no,Gonzalo Bueno,21,PER,PER,273,,+3,,,,no
211,NCH (215),211,215,yes,yes,Matej Dodig,20,CRO,CRO,271,,+4,,,,no
212,36,36,,no,no,Roman Safiullin,28,RUS,RUS,267,-13,-36,,Lost in Thionville R16,,no
213,NCH (243),213,243,yes,yes,Toby Samuel,23,GBR,GBR,266,+31,+38,Hersonissos 1 SF**Vale Do Lobo W****Vale Do Lobo W** Hersonissos 1 SF 277 302,,,yes
214,47,47,,no,no,Marc-Andrea Hüsler,29,SUI,SUI,262,,+7,,,,no
215,214,214,,no,no,Ilia Simakin,22,RUS,RUS,260,,+8,,,,no
216,184,184,,no,no,Luka Pavlovic,25,FRA,FRA,259,-5,-17,,Lost in Kigali 1 QF,,no
217,16,16,,no,no,Marco Cecchinato,33,ITA,ITA,259,+8,+8,,Lost in Kigali 1 SF,,no
218,NCH (220),218,220,yes,yes,Stefanos Sakellaridis,21,GRE,GRE,259,+6,+6,Hersonissos 1 SF 270 295,,,yes
219,NCH (220),219,220,yes,yes,Yi Zhou,20,CHN,CHN,258,+3,-3,Fujairah 1 R32 262 308,,,yes
220,200,200,,no,no,George Loffhagen,24,GBR,GBR,256,-12,-25,,Lost in Thionville R32,,no
221,158,158,,no,no,Yu-hsiou Hsu,26,TWN,TWN,251,+6,+4,Launceston SF,Lost in Burnie R16 Lost in Burnie R16 Launceston SF 259 268,,yes
222,56,56,,no,no,Daniel Elahi Galán,29,COL,COL,250,-40,-87,,Lost in Brasilia R32,,no
223,216,216,,no,no,Lautaro Midon,21,ARG,ARG,250,-7,-21,,,,no
224,47,47,,no,no,Facundo Díaz Acosta,25,ARG,ARG,248,+14,+12,,Lost in Brasilia QF,,no
225,157,157,,no,no,Lukas Neumayer,23,AUT,AUT,247,+5,+4,,Lost in Vale Do Lobo QF Lost in Hersonissos 1 QF,,no
226,63,63,,no,no,Jason Kubler,32,AUS,AUS,245,-9,-25,Fujairah 1 R32 249 295,,,yes
227,99,99,,no,no,Brandon Holt,27,USA,USA,243,,+2,,,,no
228,131,131,,no,no,Genaro Alberto Olivieri,27,ARG,ARG,240,-2,-9,,,,no
229,155,155,,no,no,Dmitry Popko,29,KAZ,KAZ,239,,+5,,,,no
230,NCH (232),230,232,yes,yes,Andrés Andrade,27,ECU,ECU,239,,+6,,,,no
231,106,106,,no,no,Tristan Boyer,24,USA,USA,238,-13,-30,,Lost in Brasilia R32,,no
232,177,177,,no,no,Andrea Collarini,34,ARG,ARG,238,-4,-6,,,,no
233,157,157,,no,no,Santiago Taverna,26,ARG,ARG,238,,+4,Yerba Buena QF 243 260,,,yes
234,191,191,,no,no,Nerman Fatić,31,BIH,BIH,237,-1,-2,,,,no
235,72,72,,no,no,Yosuke Watanuki,27,JPN,JPN,233,-60,-116,**Qual. Thionville W**,Lost in Thionville R32,,yes
236,147,147,,no,no,Kaichi Uchida,31,JPN,JPN,233,,+5,,,,no
237,58,58,,no,no,Thiago Seyboth Wild,25,BRA,BRA,232,-17,-30,,,,no
238,168,168,,no,no,Frederico Ferreira Silva,30,POR,POR,231,+2,-2,Fujairah 1 R32 231 275,,,yes
239,142,142,,no,no,Alejandro Moro Cañas,25,ESP,ESP,231,,+3,,Lost in Hersonissos 1 R32,,no
240,196,196,,no,no,Rio Noguchi,27,JPN,JPN,225,,+7,Fujairah 1 R32 228 274,,,yes
241,117,117,,no,no,Felipe Meligeni Alves,28,BRA,BRA,223,,+7,,Lost in Brasilia R32,,no
242,164,164,,no,no,James McCabe,22,AUS,AUS,222,-11,-19,Fujairah 1 R32 226 272,,,yes
243,212,212,,no,no,Johannus Monday,24,GBR,GBR,221,,+6,,,,no
244,142,142,,no,no,Ivan Gakhov,29,RUS,RUS,221,,+7,,Lost in Qual. Thionville R1,,no
245,CH,245,,yes,no,Tom Gentzsch,22,GER,GER,219,+1,-8,,,,no
246,210,210,,no,no,Filip Jianu,24,ROU,ROU,219,,+6,,Lost in Kigali 1 R16,,no
247,97,97,,no,no,Kimmer Coppejans,32,BEL,BEL,218,+3,-3,,,,no
248,NCH (253),248,253,yes,yes,Felix Gill,23,GBR,GBR,216,,+5,,,,no
249,197,197,,no,no,Pol Martín Tiffon,26,ESP,ESP,215,,+5,,Lost in Kigali 1 R32,,no
250,135,135,,no,no,Mitchell Krueger,32,USA,USA,214,,+5,,Lost in Qual. Indian Wells R1 Advertisement,,no
251,235,235,,no,no,Marko Topo,22,GER,GER,214,-16,-25,,,,no
252,NCH (253),252,253,yes,yes,Pedro Boscardin Dias,23,BRA,BRA,211,+6,+2,,Lost in Brasilia QF,,no
253,235,235,,no,no,Charles Broom,27,GBR,GBR,210,+7,+4,**Qual. Thionville W**,Lost in Thionville R32,,yes
254,NCH (276),254,276,yes,yes,Harry Wendelken,24,GBR,GBR,209,+23,+19,Hersonissos 1 SF,Lost in Pszczyna SF Lost in Pszczyna SF Hersonissos 1 SF 220 245,,yes
255,169,169,,no,no,Henri Squire,25,GER,GER,207,+1,-4,,,,no
256,61,61,,no,no,Thiago Monteiro,31,BRA,BRA,206,-24,-34,Brasilia SF 228 259,,,yes
257,235,235,,no,no,Max Houkes,25,NED,NED,206,-12,-22,,Lost in Kigali 1 R32,,no
258,47,47,,no,no,Juncheng Shang,21,CHN,CHN,205,,+3,,,,no
259,123,123,,no,no,Ryan Peniston,30,GBR,GBR,205,-16,-24,,,,no
260,78,78,,no,no,Nicolás Kicker,33,ARG,ARG,204,,+3,,,,no
261,198,198,,no,no,Fajing Sun,29,CHN,CHN,202,,+4,Fujairah 1 R32 206 252,,,yes
262,172,172,,no,no,Murphy Cassone,23,USA,USA,202,+13,+11,**Qual. Thionville W**,Lost in Thionville R16,,yes
263,241,241,,no,no,Daniel Michalski,26,POL,POL,201,-6,-9,,,,no
264,NCH (268),264,268,yes,yes,Florent Bax,26,FRA,FRA,200,+4,+3,,Lost in Kigali 1 R16,,no
265,193,193,,no,no,Sascha Gueymard Wayenburg,22,FRA,FRA,196,+1,-6,Fujairah 1 R32 200 246,,,yes
266,31,31,,no,no,Zhizhen Zhang,29,CHN,CHN,195,-4,-10,,,,no
267,103,103,,no,no,Stefan Kozlov,28,USA,USA,195,,+3,,,,no
268,238,238,,no,no,Nikolás Sánchez Izquierdo,26,ESP,ESP,195,,+3,,Lost in Brasilia R32,,no
269,264,264,,no,no,Andres Martin,24,USA,USA,193,,+3,,,,no
270,260,260,,no,no,Tiago Pereira,21,POR,POR,193,-3,-8,,Lost in Vale Do Lobo SF Lost in Hersonissos 1 R32,,no
271,NCH (278),271,278,yes,yes,Miguel Damas,26,ESP,ESP,192,+7,+2,,Lost in Brasilia R16,,no
272,192,192,,no,no,Gauthier Onclin,25,BEL,BEL,189,+1,-3,,Lost in Vale Do Lobo QF,,no
273,NCH (276),273,276,yes,yes,Petr Brunclík,19,CZE,CZE,187,+3,-3,,,,no
274,68,68,,no,no,Sumit Nagal,28,IND,IND,185,,+8,,,,no
275,108,108,,no,no,Franco Agamenone,32,ITA,ITA,185,-6,-11,,Lost in Brasilia R32,,no
276,NCH (277),276,277,yes,yes,Guido Iván Justo,28,ARG,ARG,185,+3,-3,,,,no
277,201,201,,no,no,Edas Butvilas,21,LTU,LTU,185,-38,-50,,,,no
278,NCH (291),278,291,yes,yes,Diego Dedura,17,GER,GER,184,+13,+8,Yerba Buena SF 192 201,,,yes
279,237,237,,no,no,Saba Purtseladze,24,GEO,GEO,184,-5,-8,,,,no
280,93,93,,no,no,Liam Broady,32,GBR,GBR,183,,+3,Faro SF,Lost in Vale Do Lobo R32 Lost in Vale Do Lobo R32 Faro SF 191 200,,yes
281,142,142,,no,no,Gustavo Heide,24,BRA,BRA,181,+20,+12,,Lost in Brasilia QF,,no
282,39,39,,no,no,Mikhail Kukushkin,38,KAZ,KAZ,181,-23,-26,,,,no
283,263,263,,no,no,Eliakim Coulibaly,23,CIV,CIV,181,+10,+6,,Lost in Kigali 1 R16,,no
284,273,273,,no,no,Darwin Blanch,18,USA,USA,180,+3,-1,,Lost in Qual. Indian Wells R1,,no
285,60,60,,no,no,Juan Pablo Varillas,30,PER,PER,179,-4,-6,,Lost in Brasilia R16,,no
286,NCH (289),286,289,yes,yes,Lilian Marmousez,24,FRA,FRA,179,,+3,,,,no
287,212,212,,no,no,Michael Geerts,31,BEL,BEL,176,+10,+2,,Lost in Hersonissos 1 R16,,no
288,260,260,,no,no,Robin Bertrand,22,FRA,FRA,176,+7,+1,,Lost in Hersonissos 1 R16,,no
289,143,143,,no,no,Benjamin Hassan,31,LBN,LBN,174,-1,-6,Fujairah 1 R32 178 224,,,yes
290,279,279,,no,no,Andrej Nedić,21,BIH,BIH,174,,+6,,,,no
291,80,80,,no,no,Norbert Gombos,35,SVK,SVK,174,+3,-1,,,,no
292,168,168,,no,no,Murkel Dellien,28,BOL,BOL,174,-12,-12,,,,no
293,181,181,,no,no,Daniel Rincon,23,ESP,ESP,173,+10,+4,,Lost in Hersonissos 1 R16,,no
294,NCH (298),294,298,yes,yes,Gianluca Cadenasso,21,ITA,ITA,173,,+4,,Lost in Brasilia R32,,no
295,NCH (306),295,306,yes,yes,Keegan Smith,27,USA,USA,173,+11,+7,**Qual. Thionville W**,Lost in Thionville R16,,yes
296,171,171,,no,no,Beibit Zhukayev,25,KAZ,KAZ,172,-6,-6,,,,no
297,261,261,,no,no,Alex Rybakov,29,USA,USA,171,+7,+4,,Lost in Hersonissos 1 R16,,no
298,258,258,,no,no,Igor Marcondes,28,BRA,BRA,170,+9,+5,,Lost in Brasilia R16,,no
299,NCH (305),299,305,yes,yes,Maxim Mrva,18,CZE,CZE,170,+6,+4,,Lost in Hersonissos 1 R16,,no
300,196,196,,no,no,Rodrigo Pacheco Mendez,20,MEX,MEX,170,,,,,,no
301,298,298,,no,no,Jacopo Berrettini,27,ITA,ITA,169,,+1,,Lost in Hersonissos 1 R32,,no
302,180,180,,no,no,Paul Jubb,26,GBR,GBR,167,+8,+4,,Lost in Villena 2 SF,,no
303,284,284,,no,no,Adrian Boitan,26,ROU,ROU,167,-17,-15,Fujairah 1 R32 169 215,,,yes
304,78,78,,no,no,Yasutaka Uchiyama,33,JPN,JPN,166,-19,-16,Fujairah 1 R32 170 216,,,yes
305,288,288,,no,no,Fabrizio Andaloro,25,ITA,ITA,164,-6,-8,,,,no
306,181,181,,no,no,Abdullah Shelbayh,22,JOR,JOR,164,+13,+8,,Lost in Hersonissos 1 QF,,no
307,190,190,,no,no,Matheus Pucinelli De Almeida,24,BRA,BRA,164,-15,-12,,,,no
308,144,144,,no,no,Akira Santillan,28,JPN,JPN,164,,,,Lost in Maanshan QF,,no
309,299,299,,no,no,Sandro Kopp,25,AUT,AUT,164,+11,+8,,Lost in Antalya 8 SF Lost in Kigali 1 R16,,no
310,159,159,,no,no,Dimitar Kuzmanov,32,BUL,BUL,164,-46,-40,Hersonissos 1 SF 175 200,,,yes
311,254,254,,no,no,Mats Rosenkranz,27,GER,GER,163,-2,-1,,,,no
312,311,311,,no,no,Max Basing,23,GBR,GBR,161,,-1,Fujairah 1 R32 165 211,,,yes
313,105,105,,no,no,Duje Ajduković,25,CRO,CRO,161,,-1,,,,no
314,287,287,,no,no,Hynek Bartoň,21,CZE,CZE,160,,-1,Fujairah 1 R32 162 208,,,yes
315,121,121,,no,no,Stefano Napolitano,30,ITA,ITA,159,+48,+107,Kigali 1 F**Qual. Kigali 1 W**190 190,,,yes
316,301,301,,no,no,Maximus Jones,21,THA,THA,158,-2,-1,,Lost in Hersonissos 1 R32,,no
317,304,304,,no,no,Giles Hussey,28,GBR,GBR,158,+20,+13,,Lost in Vale Do Lobo F,,no
318,289,289,,no,no,Renta Tokuda,27,JPN,JPN,157,,-1,Fujairah 1 R32 160 206,,,yes
319,207,207,,no,no,Daniel Dutra da Silva,37,BRA,BRA,156,,+2,,Lost in Brasilia R32,,no
320,116,116,,no,no,Calvin Hémery,31,FRA,FRA,155,-4,-2,,Lost in Kigali 1 QF,,no
321,240,240,,no,no,Matías Soto,26,CHI,CHI,155,-3,-2,,Lost in Brasilia R32,,no
322,267,267,,no,no,Petr Bar Biryukov,24,RUS,RUS,155,,,Fujairah 1 R32 157 203,,,yes
323,71,71,,no,no,Cedrik Marcel Stebe,35,GER,GER,154,,,,,,no
324,134,134,,no,no,Geoffrey Blancaneaux,27,FRA,FRA,153,-9,-5,,Lost in Qual. Thionville R2,,no
325,324,324,,no,no,Oliver Tarvet,22,GBR,GBR,150,,+2,,,,no
326,307,307,,no,no,Philip Henning,25,RSA,RSA,150,-2,-4,,Lost in Hersonissos 1 R32,,no
327,NCH (331),327,331,yes,yes,Franco Roncadelli,26,URU,URU,150,+6,+4,**Qual. Brasilia W**,Lost in Brasilia R32,,yes
328,278,278,,no,no,Tyler Zink,25,USA,USA,150,,,,,,no
329,314,314,,no,no,Martin Krumich,23,CZE,CZE,148,+17,+8,**Qual. Thionville W**,Lost in Thionville R16,,yes
330,323,323,,no,no,Sergey Fomin,25,UZB,UZB,148,-1,-2,Fujairah 1 R32 150 196,,,yes
331,168,168,,no,no,Maks Kaśnikowski,22,POL,POL,146,,-1,,,,no
332,226,226,,no,no,Juan Bautista Torres,23,ARG,ARG,146,,+2,,,,no
333,170,170,,no,no,James Trotter,26,JPN,JPN,145,,+2,,,,no
334,127,127,,no,no,Facundo Mena,33,ARG,ARG,145,,+2,,,,no
335,260,260,,no,no,Carlos Sánchez Jover,25,ESP,ESP,145,+16,+7,**Qual. Brasilia W**,Lost in Brasilia R16,,yes
336,CH,336,,yes,no,Antoine Ghibaudo,21,FRA,FRA,144,,+2,Fujairah 1 R32 148 194,,,yes
337,NCH (340),337,340,yes,yes,Juan Manuel La Serna,22,ARG,ARG,143,,+3,,,,no
338,159,159,,no,no,Hady Habib,27,LBN,LBN,143,,+1,,,,no
339,336,336,,no,no,Sean Cuenin,22,FRA,FRA,143,,+2,,Lost in Kigali 1 R32,,no
340,52,52,,no,no,Soonwoo Kwon,28,KOR,KOR,142,,+2,,,,no
341,249,249,,no,no,Mathys Erhard,24,FRA,FRA,142,-11,-6,,Lost in Kigali 1 R32,,no
342,252,252,,no,no,Tom Paris,23,FRA,FRA,140,-10,-6,,Lost in Thionville R32,,no
343,NCH (356),343,356,yes,yes,Ioannis Xilas,24,GRE,GRE,139,+20,+7,,Lost in Hersonissos 1 QF,,no
344,279,279,,no,no,Garrett Johns,25,USA,USA,139,-19,-14,,Lost in Kigali 1 R32,,no
345,NCH (352),345,352,yes,yes,Stefan Dostanic,24,USA,USA,138,+13,+5,,Lost in Qual. Hersonissos 1 R2 Lost in Hersonissos 1 R16,,no
346,243,243,,no,no,Marat Sharipov,23,RUS,RUS,137,,+8,Fujairah 1 R32 138 184,,,yes
347,307,307,,no,no,Oleg Prihodko,28,UKR,UKR,136,,+8,,,,no
348,158,158,,no,no,Tung Lin Wu,27,TWN,TWN,136,+4,-1,**Qual. Fujairah 1 W**,,,yes
349,344,344,,no,no,Florian Broska,28,GER,GER,135,-2,-4,,Lost in Qual. Thionville R2,,no
350,217,217,,no,no,Jonáš Forejtek,24,CZE,CZE,135,,+6,,Lost in Kigali 1 R32,,no
351,341,341,,no,no,Gabriele Piraino,22,ITA,ITA,135,,+6,,Lost in Qual. Hersonissos 1 R2 Lost in Hersonissos 1 R32,,no
352,170,170,,no,no,Mattéo Martineau,27,FRA,FRA,133,-26,-18,,Lost in Qual. Thionville R1,,no
353,237,237,,no,no,Alastair Gray,27,GBR,GBR,132,,+9,,,,no
354,347,347,,no,no,Sanhui Shin,28,KOR,KOR,132,-4,-6,Fujairah 1 R32 134 180,,,yes
355,339,339,,no,no,Andre Ilagan,25,USA,USA,132,+10,+2,Maanshan SF 136 143,,,yes
356,316,316,,no,no,Eduardo Ribeiro,27,BRA,BRA,131,+85,+26,Brasilia SF**Qual. Brasilia W**153 184,,,yes
357,88,88,,no,no,Dominic Stricker,23,SUI,SUI,130,-8,-8,Trimbach SF 138 147,,,yes
358,288,288,,no,no,Cezar Crețu,24,ROU,ROU,130,,+6,,Lost in Antalya 9 R32,,no
359,353,353,,no,no,Daniel Milavsky,24,USA,USA,130,-6,-7,,,,no
360,153,153,,no,no,Denis Yevseyev,32,KAZ,KAZ,130,,+6,,,,no
361,289,289,,no,no,Mika Brunold,21,SUI,SUI,129,+23,+8,Trimbach SF 137 146,,,yes
362,NCH (368),362,368,yes,yes,Raphaël Pérot,24,FRA,FRA,129,+7,+2,,Lost in Poitiers QF,,no
363,268,268,,no,no,Gonzalo Villanueva,31,ARG,ARG,129,-19,-12,,,,no
364,361,361,,no,no,Viacheslav Bielinskyi,22,UKR,UKR,128,-3,-4,,,,no
365,116,116,,no,no,Marc Polmans,28,AUS,AUS,128,,+2,,,,no
366,358,358,,no,no,Trevor Svajda,19,USA,USA,127,+30,+10,,Lost in Qual. Indian Wells R2,,no
367,336,336,,no,no,Hamish Stewart,26,GBR,GBR,126,,+7,Trimbach SF,Lost in Pszczyna R16 134 143,,yes
368,7,7,,no,no,Richard Gasquet,39,FRA,FRA,125,,+7,,,,no
369,289,289,,no,no,Adria Soriano Barrera,26,COL,COL,125,+3,-1,**Qual. Hersonissos 1 W**,Lost in Hersonissos 1 R32,,yes
370,211,211,,no,no,Javier Barranco Cosano,27,ESP,ESP,125,+3,-1,**Qual. Hersonissos 1 W**,Lost in Hersonissos 1 R32,,yes
371,177,177,,no,no,Omar Jasika,28,AUS,AUS,125,+58,+16,Launceston SF,Lost in Burnie SF 133 142,,yes
372,NCH (382),372,382,yes,yes,Buvaysar Gadamauri,25,BEL,BEL,125,+10,+3,**Qual. Hersonissos 1 W**,Lost in Hersonissos 1 R16,,yes
373,366,366,,no,no,Max Alcalá Gurri,23,ESP,ESP,125,,+4,,Lost in Antalya 8 F,,no
374,360,360,,no,no,Hayato Matsuoka,21,JPN,JPN,125,-6,-3,Qual. Fujairah 1 R2 127 127,,,yes
375,176,176,,no,no,Daniel Masur,31,GER,GER,124,+40,+11,Trimbach SF,Lost in Pszczyna QF 132 141,,yes
376,183,183,,no,no,Federico Arnaboldi,25,ITA,ITA,124,+9,+3,,Lost in Faro QF,,no
377,121,121,,no,no,Raúl Brancaccio,28,ITA,ITA,124,-29,-15,,Lost in Vale Do Lobo R32 Lost in Hersonissos 1 R32,,no
378,NCH (394),378,394,yes,yes,Olle Wallin,24,SWE,SWE,124,+16,+6,,Lost in Pszczyna SF,,no
379,292,292,,no,no,David Jordá Sanchis,31,ESP,ESP,124,,+2,,,,no
380,81,81,,no,no,Michael Mmoh,28,USA,USA,123,-21,-10,,,,no
381,375,375,,no,no,Mert Alkaya,25,TUR,TUR,123,-1,-1,Qual. Fujairah 1 R2 125 125,,,yes
382,NCH (393),382,393,yes,yes,Moïse Kouamé,17,FRA,FRA,122,+11,+4,,Lost in Thionville QF,,no
383,NCH (409),383,409,yes,yes,Michele Ribecai,23,ITA,ITA,122,+30,+7,Faro SF 130 139,,,yes
384,383,383,,no,no,Dan Martin,26,CAN,CAN,121,,-1,,Lost in Sherbrooke R16,,no
385,325,325,,no,no,Yankı Erel,25,TUR,TUR,121,-7,-3,Qual. Fujairah 1 R2 123 123,,,yes
386,180,180,,no,no,Yuta Shimizu,26,JPN,JPN,121,-26,-12,Fujairah 1 R32 125 171,,,yes
387,55,55,,no,no,Facundo Bagnis,36,ARG,ARG,120,,-1,,,,no
388,29,29,,no,no,Christopher Eubanks,29,USA,USA,120,,-1,,,,no
389,NCH (403),389,403,yes,yes,Lui Maxted,22,GBR,GBR,119,+14,+3,**Qual. Hersonissos 1 W**,Lost in Hersonissos 1 R32,,yes
390,150,150,,no,no,Oriol Roca Batalla,32,ESP,ESP,119,+8,+2,,Lost in Qual. Kigali 1 R2,,no
391,345,345,,no,no,Iñaki Montes De La Torre,23,ESP,ESP,119,-15,-6,,,,no
392,257,257,,no,no,Mili Poljičak,21,CRO,CRO,119,-4,-1,,,,no
393,17,17,,no,no,Albert Ramos Viñolas,38,ESP,ESP,118,,-2,,,,no
394,389,389,,no,no,Carlo Alberto Caniato,20,ITA,ITA,118,-5,-1,,Lost in Qual. Fujairah 1 R1,,no
395,CH,395,,yes,no,Stefan Palosi,26,ROU,ROU,118,,,,,,no
396,331,331,,no,no,Andrea Picchione,27,ITA,ITA,117,,+1,,,,no
397,347,347,,no,no,Samir Banerjee,22,USA,USA,116,,+4,,,,no
398,19,19,,no,no,Hyeon Chung,29,KOR,KOR,116,,+6,Fujairah 1 R32 120 166,,,yes
399,240,240,,no,no,Patrick Zahraj,26,GER,GER,116,-54,-24,,Lost in Qual. Thionville R1,,no
400,NCH (405),400,405,yes,yes,Thomas Faurel,20,FRA,FRA,116,,+5,Fujairah 1 R32 118 164,,,yes
401,303,303,,no,no,Arthur Weber,33,FRA,FRA,115,,+5,,Lost in Maanshan R32,,no
402,NCH (418),402,418,yes,yes,Andrea Guerrieri,27,ITA,ITA,115,+16,+3,,Lost in Trimbach QF,,no
403,298,298,,no,no,Aidan McHugh,25,GBR,GBR,114,+6,-1,,,,no
404,4,4,,no,no,Kei Nishikori,36,JPN,JPN,113,-69,-120,**Qual. Thionville W**,Lost in Thionville R16,,yes
405,399,399,,no,no,Luca Castelnuovo,29,SUI,SUI,113,-6,-4,,,,no
406,385,385,,no,no,Aryan Shah,20,IND,IND,113,,+10,,,,no
407,339,339,,no,no,Andrey Chepelev,27,RUS,RUS,113,+50,+13,Antalya 9 R16**Antalya 8 W**113 126,,,yes
408,NCH (417),408,417,yes,yes,Braden Shick,22,USA,USA,112,,+9,,Lost in Sherbrooke R32,,no
409,NCH (462),409,462,yes,yes,Ognjen Milić,18,SRB,SRB,112,+61,+17,**Sharm El Sheikh 5 W**,Lost in Sharm El Sheikh 6 QF,,yes
410,315,315,,no,no,Alfredo Perez,28,USA,USA,112,,-3,,,,no
411,280,280,,no,no,Jie Cui,28,CHN,CHN,112,+12,+1,,Lost in Maanshan R16,,no
412,CH,412,,yes,no,Alex Martinez,24,ESP,ESP,112,,-3,,,,no
413,270,270,,no,no,Corentin Denolly,28,FRA,FRA,112,-23,-7,,Lost in Kigali 1 R32,,no
414,346,346,,no,no,Kasidit Samrej,25,THA,THA,112,-14,-5,,Lost in Maanshan QF,,no
415,244,244,,no,no,Lucas Poullain,30,FRA,FRA,111,+6,-1,,,,no
416,342,342,,no,no,Luciano Emanuel Ambrogi,22,ARG,ARG,111,+14,+3,Yerba Buena SF 119 128,,,yes
417,299,299,,no,no,Vadym Ursu,29,UKR,UKR,111,+10,+1,,Lost in Pszczyna QF,,no
418,160,160,,no,no,Li Tu,29,AUS,AUS,109,-47,-17,,Lost in Burnie F Lost in Launceston QF,,no
419,306,306,,no,no,Blaise Bicknell,24,JAM,JAM,109,+56,+15,**San Jose 2 W**,,,yes
420,263,263,,no,no,Christoph Negritu,31,GER,GER,109,-50,-18,,,,no
421,146,146,,no,no,Rudolf Molleker,25,GER,GER,108,+10,+1,,Lost in Qual. Thionville R2,,no
422,357,357,,no,no,Luca Potenza,25,ITA,ITA,108,+3,-3,,Lost in Qual. Hersonissos 1 R2,,no
423,221,221,,no,no,Hernán Casanova,32,ARG,ARG,107,-15,-8,,,,no
424,NCH (426),424,426,yes,yes,Tommaso Compagnucci,26,ITA,ITA,107,,+8,,,,no
425,229,229,,no,no,Marek Gengel,30,CZE,CZE,107,+1,-3,Qual. Fujairah 1 R2 109 109,,,yes
426,421,421,,no,no,Hikaru Shiraishi,25,JPN,JPN,107,,+7,,,,no
427,NCH (433),427,433,yes,yes,Dali Blanch,23,USA,USA,107,,+7,,Lost in Villena 2 R16,,no
428,50,50,,no,no,Pavel Kotov,27,RUS,RUS,106,-26,-10,,Lost in Qual. Thionville R1,,no
429,185,185,,no,no,Aziz Dougaz,28,TUN,TUN,106,-37,-12,,,,no
430,271,271,,no,no,Pedro Sakamoto,32,BRA,BRA,106,-51,-18,**Qual. Brasilia W**,Lost in Brasilia R32,,yes
431,NCH (438),431,438,yes,yes,Juan Estevez,20,ARG,ARG,106,,+7,,Lost in Yerba Buena QF,,no
432,NCH (438),432,438,yes,yes,Andrew Fenty,25,USA,USA,106,+10,+1,,Lost in San Jose 2 QF,,no
433,382,382,,no,no,Federico Bondioli,20,ITA,ITA,106,,+7,,Lost in Sharm El Sheikh 6 QF,,no
434,136,136,,no,no,Alexey Vatutin,33,RUS,RUS,104,,+10,,,,no
435,409,409,,no,no,Alex Hernandez,26,MEX,MEX,104,-15,-8,,,,no
436,NCH (445),436,445,yes,yes,Jack Logé,21,BEL,BEL,104,,+9,,Lost in Qual. Hersonissos 1 R2,,no
437,167,167,,no,no,Laurent Lokoli,31,FRA,FRA,103,+11,+1,,Lost in Qual. Thionville R2,,no
438,334,334,,no,no,Kilian Feldbausch,20,SUI,SUI,103,-31,-12,,,,no
439,358,358,,no,no,Svyatoslav Gulin,23,RUS,RUS,103,-2,-3,,Lost in Qual. Hersonissos 1 R2 Lost in Hersonissos 1 R32,,no
440,356,356,,no,no,Miloš Karol,23,SVK,SVK,103,+9,+1,Monastir 12 SF**Qual. Monastir 11 W**,Lost in Monastir 11 R16 107 114,,yes
441,384,384,,no,no,Neil Oberleitner,26,AUT,AUT,103,+9,+1,,Lost in Qual. Thionville R2,,no
442,388,388,,no,no,Karan Singh,22,IND,IND,103,,+5,,,,no
443,39,39,,no,no,Radu Albot,36,MDA,MDA,102,-24,-10,,,,no
444,93,93,,no,no,Andrej Martin,36,SVK,SVK,101,,+9,,Lost in Kigali 1 R32,,no
445,127,127,,no,no,Jelle Sels,30,NED,NED,101,-41,-102,,Lost in Pszczyna QF Lost in Qual. Thionville R2 Lost in Thionville R32,,no
446,58,58,,no,no,Taro Daniel,33,JPN,JPN,100,,-3,,,,no
447,222,222,,no,no,Viktor Durasovic,28,NOR,NOR,100,,+8,,Lost in Hersonissos 1 R32,,no
448,NCH (460),448,460,yes,yes,Pietro Fellin,24,ITA,ITA,100,+16,+2,,Lost in San Jose 2 QF **Qual. Hersonissos 1 W** Lost in Hersonissos 1 R32,,no
449,287,287,,no,no,Marvin Möller,27,GER,GER,100,,+7,,,,no
450,416,416,,no,no,Étienne Donnet,25,FRA,FRA,99,+2,-2,,Lost in Monastir 11 R32 Lost in Poitiers R32,,no
451,NCH (454),451,454,yes,yes,Edward Winter,21,AUS,AUS,99,,+7,,,,no
452,424,424,,no,no,Cyril Vandermeersch,26,FRA,FRA,99,-28,-12,,,,no
453,321,321,,no,no,Robert Strombachs,26,LAT,LAT,99,-42,-16,,Lost in San Jose 2 QF,,no
454,NCH (459),454,459,yes,yes,Manas Dhamne,18,IND,IND,99,,+5,,,,no
455,219,219,,no,no,Nicolás Álvarez Varona,24,ESP,ESP,98,,+6,,,,no
456,383,383,,no,no,Lukáš Pokorný,24,SVK,SVK,97,-2,-4,,,,no
457,378,378,,no,no,Valerio Aboian,23,ARG,ARG,97,+5,-1,,Lost in Yerba Buena R16,,no
458,404,404,,no,no,Cannon Kingsley,24,USA,USA,97,,+7,,,,no
459,455,455,,no,no,James Story,25,GBR,GBR,97,,+8,,Lost in Qual. Hersonissos 1 R1,,no
460,NCH (466),460,466,yes,yes,João Eduardo Schiessl,21,BRA,BRA,97,+34,+9,**Qual. Brasilia W**,Lost in Brasilia R16,,yes
461,368,368,,no,no,Alexander Binda,24,ITA,ITA,97,-1,-2,,,,no
462,387,387,,no,no,Gianmarco Ferrari,25,ITA,ITA,97,,+6,,,,no
463,319,319,,no,no,Christian Langmo,29,USA,USA,97,-20,-8,,Lost in Qual. Hersonissos 1 R1,,no
464,314,314,,no,no,Moerani Bouzige,26,AUS,AUS,97,+31,+9,,Lost in Burnie SF Lost in Launceston QF,,no
465,377,377,,no,no,Max Wiskandt,24,GER,GER,96,+1,-1,,,,no
466,271,271,,no,no,Blake Ellis,27,AUS,AUS,95,,+3,,,,no
467,135,135,,no,no,Antoine Escoffier,34,FRA,FRA,95,,+4,,,,no
468,211,211,,no,no,Roberto Cid Subervi,32,DOM,DOM,94,-33,-12,,Lost in Naples 3 R16,,no
469,465,465,,no,no,Dhakshineswar Suresh,25,IND,IND,94,,+3,,,,no
470,319,319,,no,no,Patrick Maloney,26,USA,USA,94,-42,-15,,,,no
471,449,449,,no,no,Takuya Kumasaka,27,JPN,JPN,94,+8,+1,Qual. Fujairah 1 R2 96 96,,,yes
472,57,57,,no,no,Gastão Elias,35,POR,POR,93,+2,-1,,,,no
473,430,430,,no,no,Erik Arutiunian,21,BLR,BLR,93,,+3,,,,no
474,NCH (555),474,555,yes,yes,Sebastian Sorger,20,AUT,AUT,93,+89,+24,**Pszczyna W**,,,yes
475,415,415,,no,no,Lorenzo Carboni,20,ITA,ITA,93,-36,-13,**Qual. Hersonissos 1 W**,Lost in Hersonissos 1 R32,,yes
476,242,242,,no,no,Enrico Dalla Valle,27,ITA,ITA,92,+16,+4,**Qual. Kigali 1 W**,Lost in Kigali 1 R32,,yes
477,473,473,,no,no,Eero Vasa,29,FIN,FIN,92,+5,+1,,Lost in Qual. Kigali 1 R2,,no
478,373,373,,no,no,Bor Artnak,21,SLO,SLO,91,-5,-3,,,,no
479,143,143,,no,no,Hiroki Moriya,35,JPN,JPN,91,+27,+8,Launceston SF 99 108,,,yes
480,384,384,,no,no,Petr Nesterov,23,BUL,BUL,91,-3,-2,,Lost in Qual. Hersonissos 1 R2,,no
481,161,161,,no,no,Filip Peliwo,32,POL,POL,91,,+2,,Lost in Maanshan R32,,no
482,387,387,,no,no,Mariano Kestelboim,30,ARG,ARG,90,-19,-8,,,,no
483,470,470,,no,no,Filippo Moroni,25,ITA,ITA,89,+1,-1,,,,no
484,NCH (486),484,486,yes,yes,Carl Emil Overbeck,24,DEN,DEN,89,,+2,,,,no
485,418,418,,no,no,Maé Malige,19,FRA,FRA,89,+33,+10,,Lost in Pszczyna F Lost in Thionville R32,,no
486,476,476,,no,no,Dušan Obradović,24,SRB,SRB,89,,+2,,Lost in Antalya 8 R16,,no
487,458,458,,no,no,Jay Friend,22,JPN,JPN,88,,+2,,,,no
488,37,37,,no,no,Bernabé Zapata Miralles,29,ESP,ESP,88,,+3,,,,no
489,474,474,,no,no,Tsung Hao Huang,26,TWN,TWN,88,,+4,,Lost in Qual. Fujairah 1 R1,,no
490,353,353,,no,no,Henry Searle,19,GBR,GBR,88,-12,-5,,Lost in Vale Do Lobo QF,,no
491,NCH (500),491,500,yes,yes,Samuele Pieri,24,ITA,ITA,88,+9,+3,**Qual. Kigali 1 W**,Lost in Kigali 1 R32,,yes
492,433,433,,no,no,Aristotelis Thanos,24,GRE,GRE,87,,+4,,,,no
493,455,455,,no,no,Olaf Pieczkowski,21,POL,POL,87,,+4,,Lost in San Jose 2 R32,,no
494,NCH (504),494,504,yes,yes,Tomasz Berkieta,19,POL,POL,87,+13,+4,Heraklion SF 91 98,,,yes
495,371,371,,no,no,Ryan Nijboer,26,NED,NED,86,+29,+8,**Qual. Kigali 1 W**,Lost in Kigali 1 R16,,yes
496,NCH (498),496,498,yes,yes,Robin Catry,24,FRA,FRA,85,,+2,,,,no
497,331,331,,no,no,Carlos Lopez Montagud,25,ESP,ESP,85,-10,-4,,,,no
498,434,434,,no,no,Jake Delaney,28,AUS,AUS,85,,+3,,Lost in Launceston R16,,no
499,334,334,,no,no,Matthew Dellavedova,25,AUS,AUS,85,+20,+6,Launceston SF,Lost in Burnie R32 93 102,,yes
500,479,479,,no,no,Henry Bernet,19,SUI,SUI,84,,+2,,Lost in Qual. Hersonissos 1 R1,,no
501,225,225,,no,no,Philip Sekulic,22,AUS,AUS,84,,+3,,,,no
502,238,238,,no,no,Yusuke Takahashi,28,JPN,JPN,84,-3,-1,,Lost in Qual. Fujairah 1 R1,,no
503,331,331,,no,no,Masamichi Imamura,27,JPN,JPN,84,,+2,,,,no
504,NCH (507),504,507,yes,yes,Quinn Vandecasteele,23,USA,USA,84,+5,+1,Sherbrooke SF 88 95,,,yes
505,74,74,,no,no,Mirza Bašić,34,BIH,BIH,83,-25,-8,,,,no
506,459,459,,no,no,Nikolay Vylegzhanin,25,RUS,RUS,83,-25,-8,,,,no
507,NCH (508),507,508,yes,yes,Sergio Callejon Hernando,21,ESP,ESP,83,,+1,,,,no
508,NCH (525),508,525,yes,yes,Fares Zakaria,24,EGY,EGY,83,+39,+11,Sharm El Sheikh 6 SF,Lost in Sharm El Sheikh 5 F 87 94,,yes
509,350,350,,no,no,Vladyslav Orlov,30,UKR,UKR,82,+7,+2,,Lost in Pszczyna R32 **Qual. Fujairah 1 W**,,no
510,484,484,,no,no,Tristan McCormick,26,USA,USA,82,,-1,,Lost in Naples 3 R32,,no
511,271,271,,no,no,Mateus Alves,25,BRA,BRA,81,,+1,,,,no
512,269,269,,no,no,Giovanni Fonio,27,ITA,ITA,80,-9,-4,,,,no
513,448,448,,no,no,Branko Djurić,21,SRB,SRB,80,,+2,,,,no
514,424,424,,no,no,Lorenzo Joaquín Rodríguez,26,ARG,ARG,80,+8,+2,Yerba Buena QF 85 102,,,yes
515,491,491,,no,no,Nicolas Arseneault,19,CAN,CAN,79,-2,-1,,,,no
516,161,161,,no,no,Alibek Kachmazov,23,RUS,RUS,79,-65,-22,,,,no
517,280,280,,no,no,Dominik Palán,25,CZE,CZE,79,+4,+1,Torello R16 80 93,,,yes
518,449,449,,no,no,Maxim Zhukov,21,RUS,RUS,79,,-1,,Lost in Monastir 11 R32,,no
519,513,513,,no,no,Stefan Adrian Andreescu,24,ROU,ROU,79,+4,+1,,Lost in Antalya 8 QF,,no
520,288,288,,no,no,Jakub Paul,26,SUI,SUI,78,-30,-10,,,,no
521,346,346,,no,no,Stuart Parker,28,GBR,GBR,78,-85,-28,,,,no
522,518,518,,no,no,Shunsuke Mitsui,23,JPN,JPN,78,,-2,,,,no
523,463,463,,no,no,Pedro Vives Marcos,24,ESP,ESP,77,,+2,,,,no
524,468,468,,no,no,Ryuki Matsuda,26,JPN,JPN,77,,+2,,Lost in Qual. Fujairah 1 R1,,no
525,493,493,,no,no,Alejo Sanchez Quilez,20,ESP,ESP,77,+33,+7,,Lost in Villena 2 F,,no
526,483,483,,no,no,Justin Boulais,24,CAN,CAN,77,,+1,Faro SF,Lost in Vale Do Lobo R32 85 94,,yes
527,503,503,,no,no,Mees Rottgering,18,NED,NED,77,,+1,,,,no
528,523,523,,no,no,Arthur Nagel,22,FRA,FRA,77,,+1,,Lost in Qual. Thionville R1,,no
529,NCH (541),529,541,yes,yes,Filippo Romano,20,ITA,ITA,76,+12,+2,,Lost in Trimbach QF,,no
530,357,357,,no,no,Eric Vanshelboim,24,UKR,UKR,76,,+2,,,,no
531,NCH (532),531,532,yes,yes,Max Schönhaus,18,GER,GER,75,,+2,Fujairah 1 R32 79 125,,,yes
532,NCH (540),532,540,yes,yes,Pavle Marinkov,20,AUS,AUS,75,+11,+1,,Lost in Burnie QF Lost in Launceston R16,,no
533,NCH (535),533,535,yes,yes,Tai Sach,23,AUS,AUS,75,,+3,,Lost in Burnie R16 Lost in Launceston R32,,no
534,200,200,,no,no,Yan Bai,36,CHN,CHN,74,-49,-15,,,,no
535,234,234,,no,no,Maxime Chazal,32,FRA,FRA,74,,+4,,,,no
536,395,395,,no,no,Tibo Colson,25,BEL,BEL,74,-2,-1,,,,no
537,NCH (542),537,542,yes,yes,Joaquin Aguilar Cardozo,20,URU,URU,74,,+5,,,,no
538,371,371,,no,no,Georgii Kravchenko,25,UKR,UKR,74,+14,+3,,Lost in Vale Do Lobo QF Lost in Faro R16,,no
539,296,296,,no,no,Oleksandr Ovcharenko,24,UKR,UKR,74,,+5,,Lost in Qual. Hersonissos 1 R1,,no
540,458,458,,no,no,Maxwell Mckennon,23,USA,USA,74,+6,+1,,Lost in Vale Do Lobo R32 Lost in Faro R16,,no
541,229,229,,no,no,Mukund Sasikumar,29,IND,IND,73,-6,-2,,,,no
542,256,256,,no,no,Johan Nikles,28,SUI,SUI,73,+17,+3,,Lost in Faro QF,,no
543,535,535,,no,no,Ivan Marrero Curbelo,27,ESP,ESP,72,-3,-2,,Lost in Qual. Kigali 1 R2,,no
544,NCH (548),544,548,yes,yes,Lucio Ratti,22,ARG,ARG,72,,+4,,Lost in Yerba Buena R16,,no
545,519,519,,no,no,Amr Elsayed,27,EGY,EGY,72,,+4,,Lost in Sharm El Sheikh 5 R16 Lost in Sharm El Sheikh 6 R32,,no
546,410,410,,no,no,Stefan Popović,22,SRB,SRB,72,+9,+1,,Lost in Antalya 8 QF,,no
547,536,536,,no,no,Joshua Sheehy,29,USA,USA,71,-9,-3,,,,no
548,NCH (550),548,550,yes,yes,Jacopo Vasami,18,ITA,ITA,71,,+2,,Lost in Hersonissos 1 R32,,no
549,477,477,,no,no,Peter Fajta,23,HUN,HUN,71,,+2,,,,no
550,471,471,,no,no,Yuki Mochizuki,28,JPN,JPN,71,-36,-9,,Lost in Maanshan R16,,no
551,496,496,,no,no,Niels Visker,24,NED,NED,71,,+3,,,,no
552,424,424,,no,no,Kokoro Isomura,23,JPN,JPN,71,,+1,,,,no
553,273,273,,no,no,Elmar Ejupovic,33,GER,GER,70,,+4,,,,no
554,545,545,,no,no,Filip Jeff Planinšek,24,SLO,SLO,70,+26,+4,Monastir 12 SF 74 81,,,yes
555,552,552,,no,no,Igor Gimenez,26,BRA,BRA,70,,+6,,,,no
556,CH,556,,yes,no,Reda Bennani,19,MAR,MAR,69,,+6,,Lost in Monastir 11 R32,,no
557,318,318,,no,no,Alex Martí Pujolras,27,ESP,ESP,69,-27,-7,,,,no
558,NCH (566),558,566,yes,yes,Miguel Tobon,19,COL,COL,69,+49,+8,,Lost in Naples 3 F Lost in Brasilia R32,,no
559,316,316,,no,no,Alberto Barroso Campos,29,ESP,ESP,69,+1,-1,,,,no
560,462,462,,no,no,Constantin Bittoun Kouzmine,27,FRA,FRA,69,,+4,,Lost in Qual. Hersonissos 1 R1,,no
561,509,509,,no,no,Radu Mihai Papoe,23,ROU,ROU,68,,+4,,,,no
562,395,395,,no,no,Alafia Ayeni,26,USA,USA,68,,+4,,,,no
563,277,277,,no,no,Michael Vrbenský,26,CZE,CZE,68,,+4,,,,no
564,177,177,,no,no,Nick Hardt,25,DOM,DOM,68,+48,+8,,Lost in San Jose 2 F,,no
565,NCH (608),565,608,yes,yes,Semen Pankin,26,RUS,RUS,68,+43,+7,Sharm El Sheikh 6 SF,Lost in Sharm El Sheikh 5 SF 72 79,,yes
566,170,170,,no,no,Maxime Janvier,29,FRA,FRA,68,-21,-6,,Lost in Qual. Thionville R1,,no
567,542,542,,no,no,Karl Poling,26,USA,USA,68,,+3,,Lost in Sherbrooke R32,,no
568,99,99,,no,no,Alexander Ritschard,31,SUI,SUI,67,,+3,,,,no
569,541,541,,no,no,Arda Azkara,22,TUR,TUR,67,,+4,,,,no
570,NCH (579),570,579,yes,yes,Alan Fernando Rubio Fierros,27,MEX,MEX,67,+22,+3,,Lost in San Jose 2 SF,,no
571,509,509,,no,no,Manuel Mazza,26,ITA,ITA,67,,+3,,,,no
572,NCH (576),572,576,yes,yes,Carlos Maria Zarate,20,ARG,ARG,67,,+4,,Lost in Yerba Buena QF,,no
573,NCH (579),573,579,yes,yes,Michal Krajčí,21,SVK,SVK,67,+25,+4,Sharm El Sheikh 6 SF,Lost in Sharm El Sheikh 5 R32 71 78,,yes
574,NCH (577),574,577,yes,yes,Massimo Giunta,21,ITA,ITA,67,,+3,,Lost in Vale Do Lobo R32 Lost in Faro R32,,no
575,486,486,,no,no,Sergi Perez Contri,28,ESP,ESP,67,,+3,,Lost in Villena 2 R32,,no
576,436,436,,no,no,Sebastian Gima,23,ROU,ROU,67,,+3,,,,no
577,477,477,,no,no,Kirill Kivattsev,28,RUS,RUS,67,+6,+1,,Lost in Monastir 11 QF Lost in Faro R32,,no
578,485,485,,no,no,Digvijaypratap Singh,25,IND,IND,66,,+4,,,,no
579,575,575,,no,no,Mario Gonzalez Fernandez,23,ESP,ESP,66,+45,+8,,Lost in Vale Do Lobo SF Lost in Faro R16,,no
580,469,469,,no,no,Juan Sebastián Gómez,34,COL,COL,65,,+4,,,,no
581,191,191,,no,no,Dragos Nicolae Madaras,28,SWE,SWE,65,,+4,,,,no
582,NCH (591),582,591,yes,yes,Koki Matsuda,25,JPN,JPN,65,+15,+2,Maanshan SF 69 76,,,yes
583,448,448,,no,no,Aleksandre Bakshi,28,GEO,GEO,65,-8,-2,,Lost in Sharm El Sheikh 5 R32 Lost in Sharm El Sheikh 6 R32,,no
584,438,438,,no,no,Woobin Shin,22,KOR,KOR,65,-15,-3,,,,no
585,429,429,,no,no,Tadeáš Paroulek,26,CZE,CZE,65,-74,-16,,Lost in Heraklion R32,,no
586,NCH (602),586,602,yes,yes,Pawit Sornlaksup,26,THA,THA,65,+23,+4,Maanshan SF 69 76,,,yes
587,NCH (588),587,588,yes,yes,Matthew William Donald,21,CZE,CZE,65,,+2,,Lost in Pszczyna R16,,no
588,394,394,,no,no,Bruno Kuzuhara,21,USA,USA,65,,+2,,Lost in Naples 3 R32,,no
589,432,432,,no,no,Iliyan Radulov,20,BUL,BUL,64,,+2,,Lost in Antalya 8 R32,,no
590,334,334,,no,no,Leo Borg,22,SWE,SWE,64,-3,-1,Torello R16 65 78,,,yes
591,560,560,,no,no,Taha Baadi,24,MAR,MAR,64,,+3,,Lost in Sherbrooke QF,,no
592,267,267,,no,no,Louis Weßels,27,GER,GER,64,+10,+2,,Lost in Naples 3 QF Lost in Antalya 9 R32,,no
593,451,451,,no,no,Dan Alexandru Tomescu,26,ROU,ROU,63,,+2,,,,no
594,189,189,,no,no,Arthur Bouquier,25,FRA,FRA,63,-50,-180,,Lost in Qual. Thionville R1,,no
595,303,303,,no,no,Francesco Forti,26,ITA,ITA,62,,+4,,,,no
596,544,544,,no,no,Adhithya Ganesan,20,USA,USA,62,,+4,,,,no
597,595,595,,no,no,S D Prajwal Dev,29,IND,IND,62,,+4,,Lost in Qual. Kigali 1 R1,,no
598,NCH (601),598,601,yes,yes,Felix Balshaw,19,FRA,FRA,62,+13,+1,Qual. Fujairah 1 R2 64 64,,,yes
599,549,549,,no,no,Paulo Andre Saraiva Dos Santos,25,BRA,BRA,62,-6,-2,,Lost in Qual. Brasilia R2,,no
600,318,318,,no,no,Gerard Campana Lee,21,KOR,KOR,62,,+3,,Lost in Villena 2 R32 Lost in Torello R32,,no
601,483,483,,no,no,Alec Deckers,25,NED,NED,61,,+4,,Lost in Trimbach R32,,no
602,388,388,,no,no,Anton Matusevich,24,GBR,GBR,61,+26,+4,Poitiers SF 65 72,,,yes
603,NCH (629),603,629,yes,yes,Juan Cruz Martin Manzano,21,ITA,ITA,61,+34,+5,Antalya 9 R16,Lost in Antalya 8 SF 62 75,,yes
604,251,251,,no,no,Ergi Kırkın,27,TUR,TUR,60,-36,-8,,Lost in Qual. Fujairah 1 R1,,no
605,496,496,,no,no,Denis Klok,27,RUS,RUS,60,,+9,,Lost in Qual. Kigali 1 R1,,no
606,128,128,,no,no,Andrea Vavassori,30,ITA,ITA,59,,+10,,,,no
607,533,533,,no,no,Luis Carlos Alvarez,21,MEX,MEX,59,,+10,,,,no
608,50,50,,no,no,Ričardas Berankis,35,LTU,LTU,59,-12,-4,,,,no
609,269,269,,no,no,Aidan Mayo,22,USA,USA,59,,+9,,,,no
610,285,285,,no,no,Alexander Weis,28,ITA,ITA,59,-79,-17,,,,no
611,107,107,,no,no,Nicolas Moreno De Alboran,28,USA,USA,58,+22,+2,,Lost in Qual. Brasilia R2,,no
612,548,548,,no,no,Yassine Dlimi,22,MAR,MAR,58,,+8,,,,no
613,363,363,,no,no,Damien Wenger,25,SUI,SUI,58,,+8,,,,no
614,604,604,,no,no,Andres Santamarta Roig,19,ESP,ESP,58,,+8,,,,no
615,465,465,,no,no,Egor Agafonov,23,RUS,RUS,58,-34,-8,,,,no
616,160,160,,no,no,Oleksii Krutykh,25,UKR,UKR,58,-30,-7,,Lost in Vale Do Lobo R32 Lost in Faro R32,,no
617,NCH (622),617,622,yes,yes,Karol Filar,27,POL,POL,58,,+6,,Lost in Pszczyna R32,,no
618,447,447,,no,no,Kuan Yi Lee,29,TWN,TWN,58,+1,-1,,Lost in Monastir 11 R32,,no
619,517,517,,no,no,Nino Ehrenschneider,24,GER,GER,58,-31,-7,,Lost in Heraklion R32,,no
620,470,470,,no,no,Imanol López Morillo,26,ESP,ESP,58,+10,+1,,Lost in Qual. Fujairah 1 R2,,no
621,603,603,,no,no,Aziz Ouakaa,26,TUN,TUN,58,,+4,,Lost in Kigali 1 R32,,no
622,204,204,,no,no,Máté Valkusz,27,HUN,HUN,57,,+4,,,,no
623,NCH (636),623,636,yes,yes,Daniel Siniakov,23,CZE,CZE,57,+17,+2,,Lost in Heraklion QF,,no
624,280,280,,no,no,Jakub Nicod,21,CZE,CZE,57,+17,+2,,Lost in Monastir 12 QF,,no
625,NCH (627),625,627,yes,yes,César Bouchelaghem,21,FRA,FRA,57,,+2,,Lost in Kigali 1 R32,,no
626,515,515,,no,no,Émilien Demanet,20,BEL,BEL,57,,+3,,,,no
627,599,599,,no,no,Giuseppe La Vela,25,ITA,ITA,57,,+4,,Lost in San Jose 2 QF,,no
628,535,535,,no,no,Kenta Miyoshi,21,JPN,JPN,56,,+6,,,,no
629,617,617,,no,no,Lorenzo Sciahbasi,20,ITA,ITA,56,,+6,,,,no
630,NCH (650),630,650,yes,yes,Luca Staeheli,25,SUI,SUI,56,+20,+2,,Lost in Villena 2 R32 Lost in Heraklion QF,,no
631,526,526,,no,no,Maxence Beaugé,25,FRA,FRA,56,+24,+3,Poitiers SF 60 67,,,yes
632,181,181,,no,no,Tristan Lamasine,33,FRA,FRA,55,-76,-15,,,,no
633,78,78,,no,no,Renzo Olivo,33,ARG,ARG,55,-61,-12,,,,no
634,628,628,,no,no,Yuta Kawahashi,28,JPN,JPN,55,+2,-1,,,,no
635,486,486,,no,no,Alex Knaff,28,LUX,LUX,55,,+9,,Lost in Qual. Thionville R1,,no
636,502,502,,no,no,Adrian Ötzbach,28,GER,GER,55,-4,-2,,,,no
637,443,443,,no,no,Federico Iannaccone,26,ITA,ITA,55,+14,+1,,Lost in Heraklion QF,,no
638,302,302,,no,no,Andrew Paulson,24,CZE,CZE,54,,+10,,,,no
639,290,290,,no,no,Shintaro Imai,32,JPN,JPN,54,+3,-1,,,,no
640,638,638,,no,no,Yusuke Kusuhara,28,JPN,JPN,54,,+9,,Lost in Qual. Fujairah 1 R1,,no
641,NCH (657),641,657,yes,yes,Jan Kumstát,19,CZE,CZE,54,+25,+3,,Lost in Pszczyna QF,,no
642,468,468,,no,no,Dominik Kellovský,29,CZE,CZE,54,+4,-1,,Lost in Pszczyna R16,,no
643,614,614,,no,no,William Grant,25,USA,USA,54,-5,-2,,Lost in Naples 3 R32,,no
644,NCH (676),644,676,yes,yes,Mika Petković,19,GER,GER,54,+32,+4,,Lost in Pszczyna R16 Lost in Trimbach QF,,no
645,352,352,,no,no,Giovanni Oradini,28,ITA,ITA,54,,+7,,,,no
646,450,450,,no,no,Yurii Dzhavakian,32,UKR,UKR,54,+24,+3,Sharm El Sheikh 6 SF,Lost in Sharm El Sheikh 5 R16 58 65,,yes
647,538,538,,no,no,Johan Alexander Rodriguez,22,COL,COL,53,,+6,,,,no
648,258,258,,no,no,Karue Sell,32,BRA,BRA,53,+10,+1,,Lost in Naples 3 R16,,no
649,NCH (672),649,672,yes,yes,Tiago Torres,23,POR,POR,53,+23,+3,,Lost in Faro QF,,no
650,625,625,,no,no,Igor Kudriashov,22,RUS,RUS,53,,+4,,,,no
651,527,527,,no,no,Ye Cong Mo,25,CHN,CHN,53,-6,-2,,,,no
652,182,182,,no,no,Maximilian Neuchrist,34,AUT,AUT,53,+16,+2,,Lost in Qual. Kigali 1 R2,,no
653,184,184,,no,no,Nicholas David Ionel,23,ROU,ROU,53,-38,-7,**Qual. Kigali 1 W**,Lost in Kigali 1 R32,,yes
654,49,49,,no,no,Federico Coria,33,ARG,ARG,52,-22,-117,,,,no
655,584,584,,no,no,Kyle Kang,21,USA,USA,52,,+1,,,,no
656,546,546,,no,no,Aidan Kim,21,USA,USA,52,,+1,,,,no
657,308,308,,no,no,Toby Kodat,23,USA,USA,52,,+2,,,,no
658,652,652,,no,no,Radu David Turcanu,19,ROU,ROU,52,+11,+1,,Lost in Antalya 8 R16,,no
659,NCH (682),659,682,yes,yes,Michael Bassem Sobhy,21,EGY,EGY,52,+23,+3,,Lost in Sharm El Sheikh 5 R16 Lost in Sharm El Sheikh 6 QF,,no
660,NCH (681),660,681,yes,yes,Ryan Dickerson,28,USA,USA,52,+23,+3,,Lost in San Jose 2 R16 Lost in Qual. Brasilia R2,,no
661,605,605,,no,no,Mitsuki Wei Kang Leong,21,MAS,MAS,52,,,,,,no
662,650,650,,no,no,Duncan Chan,20,CAN,CAN,51,,,,,,no
663,569,569,,no,no,James Watt,25,NZL,NZL,51,,,,,,no
664,NCH (667),664,667,yes,yes,Timofei Derepasko,19,RUS,RUS,51,,+3,,,,no
665,508,508,,no,no,Loann Massard,20,FRA,FRA,51,-55,-10,,Lost in Poitiers R32,,no
666,NCH (675),666,675,yes,yes,Dimitris Sakellaridis,19,GRE,GRE,51,+11,+1,,Lost in Monastir 11 R32 Lost in Heraklion QF,,no
667,654,654,,no,no,Chase Ferguson,27,AUS,AUS,50,+14,+1,,Lost in Maanshan R16,,no
668,NCH (674),668,674,yes,yes,Marcel Zieliński,25,POL,POL,50,,+6,,Lost in Antalya 8 R32,,no
669,NCH (698),669,698,yes,yes,Yanis Ghazouani Durand,25,FRA,FRA,50,+29,+3,Poitiers SF 54 61,,,yes
670,575,575,,no,no,Luca Castagnola,23,ITA,ITA,50,+14,+1,,Lost in Monastir 11 QF Lost in Heraklion R16,,no
671,NCH (705),671,705,yes,yes,Toufik Sahtali,27,ALG,ALG,50,+35,+4,,Lost in Monastir 11 SF Lost in Monastir 12 R16,,no
672,647,647,,no,no,Nicolas Tepmahc,24,FRA,FRA,50,,+3,,Lost in Poitiers R32,,no
673,230,230,,no,no,Max Hans Rehberg,22,GER,GER,49,+27,+3,,Lost in Trimbach QF,,no
674,339,339,,no,no,Govind Nanda,25,USA,USA,49,-35,-6,,,,no
675,557,557,,no,no,Pierluigi Basile,19,ITA,ITA,49,,+3,,,,no
676,327,327,,no,no,Naoki Nakagawa,29,JPN,JPN,49,,+3,,,,no
677,321,321,,no,no,Facundo Juárez,28,ITA,ITA,49,-12,-2,,,,no
678,430,430,,no,no,Sidharth Rawat,32,IND,IND,49,,+2,,,,no
679,437,437,,no,no,Michiel De Krom,27,NED,NED,49,+79,+9,**Qual. Kigali 1 W**,Lost in Kigali 1 R16,,yes
680,407,407,,no,no,Michael Agwi,22,IRL,IRL,48,-9,-2,,,,no
681,NCH (684),681,684,yes,yes,Ali Yazdani,22,IRI,IRI,48,+16,+1,Antalya 9 R16,Lost in Antalya 8 R32 49 62,,yes
682,151,151,,no,no,Enzo Couacaud,31,FRA,FRA,47,,+8,,,,no
683,80,80,,no,no,Jozef Kovalík,33,SVK,SVK,47,,+8,,,,no
684,460,460,,no,no,Arthur Reymond,26,FRA,FRA,47,,+8,,,,no
685,NCH (690),685,690,yes,yes,Kaylan Bigun,19,USA,USA,47,+25,+2,,Lost in Naples 3 QF,,no
686,660,660,,no,no,Cooper Williams,20,USA,USA,46,,+13,,,,no
687,NCH (731),687,731,yes,yes,Gavin Young,23,USA,USA,46,+44,+4,Sherbrooke SF 50 57,,,yes
688,40,40,,no,no,Ilya Ivashka,32,BLR,BLR,46,,+13,Qual. Fujairah 1 R2 48 48,,,yes
689,624,624,,no,no,Yaroslav Demin,20,RUS,RUS,46,+5,-1,,,,no
690,588,588,,no,no,Yuta Kikuchi,26,JPN,JPN,46,,+13,,,,no
691,680,680,,no,no,Abel Forger,20,NED,NED,46,+4,-1,,,,no
692,NCH (702),692,702,yes,yes,Bruno Fernandez,21,BRA,BRA,46,,+12,,Lost in Yerba Buena R32,,no
693,668,668,,no,no,Pierre Delage,25,FRA,FRA,46,+3,-1,,,,no
694,591,591,,no,no,Millen Hurrion,26,GBR,GBR,46,+24,+2,Torello R16,Lost in Villena 2 R16 47 60,,yes
695,686,686,,no,no,Leo Vithoontien,26,JPN,JPN,46,,+12,,,,no
696,375,375,,no,no,Strong Kirchheimer,30,USA,USA,46,+19,+1,,Lost in Sherbrooke QF,,no
697,14,14,,no,no,Kyle Edmund,31,GBR,GBR,45,,+11,,,,no
698,688,688,,no,no,Pablo Martinez Gomez,19,ESP,ESP,45,,+11,,,,no
699,675,675,,no,no,Matisse Bobichon,24,FRA,FRA,45,-12,-3,,Lost in Poitiers R16,,no
700,395,395,,no,no,Rigele Te,28,CHN,CHN,45,-94,-16,,,,no
701,618,618,,no,no,Santiago De La Fuente,24,ARG,ARG,45,-58,-10,,Lost in Qual. Brasilia R1,,no
702,440,440,,no,no,Alessandro Pecci,24,ITA,ITA,45,-9,-2,,Lost in Sharm El Sheikh 6 R16,,no
703,378,378,,no,no,Sora Fukuda,28,JPN,JPN,45,,+8,,,,no
704,660,660,,no,no,Daniel Antonio Núñez,24,CHI,CHI,45,-2,-1,,Lost in Yerba Buena R16,,no
705,NCH (774),705,774,yes,yes,Maximo Zeitune,20,ARG,ARG,45,+69,+8,Yerba Buena SF 53 62,,,yes
706,546,546,,no,no,Uisung Park,25,KOR,KOR,45,,+6,,Lost in Maanshan R32,,no
707,NCH (710),707,710,yes,yes,Gabriel Ghetu,18,ROU,ROU,45,,+6,,,,no
708,689,689,,no,no,Rodrigo Alujas,23,MEX,MEX,45,,+6,,Lost in Heraklion R32,,no
709,632,632,,no,no,Guillaume Dalmasso,23,FRA,FRA,45,+32,+3,,Lost in San Jose 2 SF,,no
710,NCH (716),710,716,yes,yes,Peter Makk,24,HUN,HUN,44,,+6,,Lost in Qual. Hersonissos 1 R1,,no
711,461,461,,no,no,Peter Bertran,30,DOM,DOM,44,,+6,,Lost in San Jose 2 R32,,no
712,505,505,,no,no,Stijn Slump,27,NED,NED,44,-24,-4,,Lost in Villena 2 R32 Lost in Torello R32,,no
713,NCH (742),713,742,yes,yes,Léo Raquillet,20,FRA,FRA,44,+42,+4,Monastir 12 SF 48 55,,,yes
714,NCH (746),714,746,yes,yes,Alejandro Juan Mano,21,ESP,ESP,44,+32,+3,,Lost in Villena 2 SF,,no
715,656,656,,no,no,Maik Steiner,31,GER,GER,44,,+4,,Lost in Qual. Kigali 1 R2,,no
716,694,694,,no,no,Maxence Bertimon,26,FRA,FRA,44,,+4,,Lost in Qual. Thionville R1,,no
717,340,340,,no,no,Colin Sinclair,31,NMI,NMI,44,+20,+2,,Lost in Burnie R16 Lost in Launceston R16,,no
718,605,605,,no,no,Leonardo Rossi,23,ITA,ITA,44,+31,+3,Poitiers SF 48 55,,,yes
719,37,37,,no,no,Emil Ruusuvuori,26,FIN,FIN,43,-18,-115,,,,no
720,642,642,,no,no,Pedro Rodrigues,19,BRA,BRA,43,,+2,,,,no
721,608,608,,no,no,Blu Baker,24,GBR,GBR,43,+12,+1,,Lost in San Jose 2 R16,,no
722,278,278,,no,no,Lucas Gerch,31,GER,GER,43,,+1,,,,no
723,677,677,,no,no,Kārlis Ozoliņš,23,LAT,LAT,43,,+2,,,,no
724,514,514,,no,no,Marlon Vankan,25,GER,GER,43,,+3,,Lost in Monastir 11 R32,,no
725,622,622,,no,no,Amaury Raynel,23,FRA,FRA,43,,+4,,,,no
726,520,520,,no,no,Conner Huertas del Pino,30,PER,PER,42,,+6,,,,no
727,614,614,,no,no,Alejandro Manzanera Pertusa,22,ESP,ESP,42,-3,-1,,,,no
728,NCH (732),728,732,yes,yes,Matyáš Černý,24,CZE,CZE,42,,+7,,,,no
729,232,232,,no,no,José Pereira,35,BRA,BRA,42,,+7,,,,no
730,479,479,,no,no,Felix Corwin,29,USA,USA,42,+14,+1,,Lost in Sherbrooke R16,,no
731,383,383,,no,no,Gabriele Pennaforti,25,ITA,ITA,42,-18,-118,,Lost in Kigali 1 R32,,no
732,552,552,,no,no,Keisuke Saitoh,24,JPN,JPN,42,+39,+4,,Lost in Burnie QF Lost in Launceston R16,,no
733,NCH (753),733,753,yes,yes,Matt Kuhar,29,USA,USA,42,+32,+3,Heraklion SF 46 53,,,yes
734,725,725,,no,no,Josip Šimundža,21,CRO,CRO,42,-4,-1,,,,no
735,NCH (736),735,736,yes,yes,Matteo Covato,20,ITA,ITA,42,,+4,,Lost in Qual. Kigali 1 R1,,no
736,691,691,,no,no,Matthew Summers,27,GBR,GBR,42,,+2,,Lost in Vale Do Lobo R32 Lost in Faro R32,,no
737,NCH (754),737,754,yes,yes,Samuel Heredia,19,COL,COL,42,+22,+2,,Lost in Villena 2 QF,,no
738,236,236,,no,no,JiSung Nam,32,KOR,KOR,41,-4,-1,,,,no
739,252,252,,no,no,Samuel Vincent Ruggeri,23,ITA,ITA,41,,+4,,Lost in Sharm El Sheikh 6 R32,,no
740,520,520,,no,no,Emile Hudd,25,GBR,GBR,41,+29,+3,Torello R16,Lost in Villena 2 QF 42 55,,yes
741,694,694,,no,no,Daniil Ostapenkov,22,BLR,BLR,41,+13,+1,Qual. Fujairah 1 R2,Lost in Monastir 11 R32 43 43,,yes
742,704,704,,no,no,Mwendwa Mbithi,28,USA,USA,41,,+3,,,,no
743,271,271,,no,no,Evan Zhu,27,USA,USA,41,,+4,,Lost in Maanshan R32,,no
744,443,443,,no,no,Yanaki Milev,21,BUL,BUL,41,-4,-1,,Lost in Antalya 8 R32,,no
745,476,476,,no,no,Ignacio Monzón,28,ARG,ARG,41,-3,-1,,Lost in Naples 3 R16,,no
746,546,546,,no,no,Diego Augusto Barreto Sánchez,23,ESP,ESP,41,,+2,,Lost in Villena 2 R16,,no
747,362,362,,no,no,Tim Handel,29,GER,GER,41,-62,-8,,Lost in Vale Do Lobo R32 Lost in Faro R32,,no
748,45,45,,no,no,Maximilian Marterer,30,GER,GER,40,,+2,,,,no
749,326,326,,no,no,Alexis Gautier,28,FRA,FRA,40,,+3,,Lost in Poitiers R32,,no
750,NCH (773),750,773,yes,yes,Karim Bennani,18,MAR,MAR,40,+31,+4,Monastir 12 SF 44 51,,,yes
751,215,215,,no,no,Khumoyun Sultanov,27,UZB,UZB,40,-65,-8,,,,no
752,627,627,,no,no,Ryan Fishback,23,USA,USA,40,-15,-105,,,,no
753,620,620,,no,no,Ben Jones,27,GBR,GBR,40,-64,-8,,,,no
754,636,636,,no,no,Aleksandr Braynin,26,UKR,UKR,40,+19,+2,,Lost in Pszczyna R16 Lost in Trimbach R16,,no
755,740,740,,no,no,Pierre Yves Bailly,22,BEL,BEL,39,,+5,,,,no
756,NCH (990),756,990,yes,yes,Enzo Aguiard,23,AUS,AUS,39,+26,+310,**Burnie W**,Lost in Launceston R16,,yes
757,666,666,,no,no,Tuncay Duran,21,TUR,TUR,39,,+4,,Lost in Sharm El Sheikh 5 R32 Lost in Sharm El Sheikh 6 QF,,no
758,409,409,,no,no,Juan Carlos Aguilar,27,CAN,CAN,39,,+6,,,,no
759,530,530,,no,no,M Rifki Fitriadi,27,INA,INA,39,+34,+4,Maanshan SF 43 50,,,yes
760,NCH (764),760,764,yes,yes,Daniel De Jonge,26,NED,NED,39,+16,+2,Sherbrooke SF 43 50,,,yes
761,NCH (786),761,786,yes,yes,Benjamin Torrealba,20,CHI,CHI,39,+34,+4,**Qual. Brasilia W**,Lost in Brasilia R32,,yes
762,513,513,,no,no,Kai Wehnelt,30,GER,GER,39,-6,-1,,Lost in Trimbach R32,,no
763,760,760,,no,no,Fryderyk Lechno-Wasiutyński,20,POL,POL,38,,+4,,,,no
764,595,595,,no,no,Théo Papamalamis,20,FRA,FRA,38,,+4,,,,no
765,447,447,,no,no,Tomás Farjat,25,ARG,ARG,38,-12,-2,,Lost in Yerba Buena R16,,no
766,640,640,,no,no,Axel Garcian,23,FRA,FRA,38,,+4,,,,no
767,NCH (913),767,913,yes,yes,Nikolai Barsukov,19,GER,GER,38,+15,+148,**Monastir 11 W**,Lost in Monastir 12 R32,,yes
768,757,757,,no,no,Amir Omarkhanov,18,KAZ,KAZ,38,-11,-2,,,,no
769,741,741,,no,no,Samuel Alejandro Linde Palacios,18,COL,COL,38,-3,-1,,Lost in Villena 2 R32,,no
770,364,364,,no,no,Mikalai Haliak,27,BLR,BLR,37,,+5,,Lost in Pszczyna R32,,no
771,675,675,,no,no,Francisco Rocha,26,POR,POR,37,+15,+1,,Lost in Vale Do Lobo R16 Lost in Faro R32,,no
772,NCH (773),772,773,yes,yes,Melios Efstathiou,27,CYP,CYP,37,+25,+2,,Lost in Hersonissos 1 R16,,no
773,363,363,,no,no,Oscar Jose Gutierrez,32,ESP,ESP,37,+14,+1,,Lost in Villena 2 R16 Lost in Torello R32,,no
774,603,603,,no,no,Oscar Weightman,24,GBR,GBR,36,+15,+1,,Lost in Vale Do Lobo R16 Lost in Faro R32,,no
775,700,700,,no,no,Jack Anthrop,22,USA,USA,36,,+5,,,,no
776,265,265,,no,no,Evgenii Tiurnev,28,RUS,RUS,36,,+8,,Lost in Qual. Maanshan R1,,no
777,NCH (780),777,780,yes,yes,Ivan Ivanov,17,BUL,BUL,36,,+6,Fujairah 1 R32 40 86,,,yes
778,85,85,,no,no,Dennis Novak,32,AUT,AUT,36,-16,-118,,,,no
779,744,744,,no,no,Attila Boros,22,HUN,HUN,36,+23,+2,Torello R16,Lost in Sharm El Sheikh 5 R16 37 50,,yes
780,62,62,,no,no,Kenny de Schepper,38,FRA,FRA,36,-52,-7,,,,no
781,549,549,,no,no,Tianhui Zhang,20,CHN,CHN,36,-76,-10,,,,no
782,403,403,,no,no,Lorenzo Rottoli,24,ITA,ITA,36,-10,-2,,Lost in Sharm El Sheikh 5 R16 Lost in Trimbach R32,,no
783,748,748,,no,no,Lucas Andrade Da Silva,21,BRA,BRA,35,,+5,,,,no
784,525,525,,no,no,Alexander Donski,27,BUL,BUL,35,-5,-1,,,,no
785,756,756,,no,no,Roger Pascual Ferra,19,ESP,ESP,35,,+5,,,,no
786,673,673,,no,no,Gustavo Ribeiro De Almeida,19,BRA,BRA,35,-4,-1,,,,no
787,547,547,,no,no,Matyas Fuele,27,HUN,HUN,35,-25,-4,,,,no
788,664,664,,no,no,Cruz Hewitt,17,AUS,AUS,35,-16,-124,Fujairah 1 R32,Lost in Burnie R32 39 85,,yes
789,352,352,,no,no,Kris Van Wyk,29,RSA,RSA,35,,+2,,Lost in Sharm El Sheikh 6 R32,,no
790,709,709,,no,no,Iannis Miletich,20,ITA,ITA,35,,+6,,,,no
791,784,784,,no,no,Nikita Bilozertsev,17,UKR,UKR,34,,+8,,,,no
792,NCH (837),792,837,yes,yes,Ryan Colby,22,USA,USA,34,+48,+4,Heraklion SF 38 45,,,yes
793,NCH (800),793,800,yes,yes,Oskar Brostrom Poulsen,24,DEN,DEN,34,,+7,,,,no
794,451,451,,no,no,Marko Miladinović,25,SRB,SRB,34,,+7,,Lost in Sharm El Sheikh 5 R32,,no
795,509,509,,no,no,Alec Beckley,24,RSA,RSA,34,-3,-1,,Lost in Qual. Kigali 1 R1,,no
796,699,699,,no,no,Martin Van Der Meerschen,25,BEL,BEL,34,-19,-3,,,,no
797,557,557,,no,no,John Echeverria,24,ESP,ESP,34,-16,-124,Torello QF,Lost in Vale Do Lobo R16 36 47,,yes
798,655,655,,no,no,Thanapet Chanta,26,THA,THA,34,-13,-2,,Lost in Maanshan R16,,no
799,756,756,,no,no,Ignacio Parisca Romera,20,VEN,VEN,34,+23,+2,Antalya 9 R16,Lost in Antalya 8 QF 35 48,,yes
800,NCH (805),800,805,yes,yes,Jorge Plans,24,ESP,ESP,34,,+5,,Lost in Villena 2 R32 Lost in Torello R32,,no
801,682,682,,no,no,Albert Pedrico Kravtsov,20,ESP,ESP,33,,+7,,,,no
802,NCH (808),802,808,yes,yes,Dong Ju Kim,23,KOR,KOR,33,,+7,,,,no
803,553,553,,no,no,Pedro Rodenas,21,ESP,ESP,33,,+7,,,,no
804,637,637,,no,no,Linang Xiao,25,CHN,CHN,33,-1,-1,,Lost in Maanshan R32,,no
805,801,801,,no,no,Alejandro Turriziani Álvarez,23,ESP,ESP,33,+24,+2,**Qual. Vale Do Lobo W**,Lost in Vale Do Lobo R16 Lost in Faro R16,,yes
806,501,501,,no,no,Shinji Hazawa,26,JPN,JPN,33,+25,+2,,Lost in Burnie QF Lost in Launceston R32,,no
807,NCH (824),807,824,yes,yes,Yannik Kelm,21,GER,GER,33,+28,+2,,Lost in Monastir 12 QF,,no
808,731,731,,no,no,Axel Nefve,25,USA,USA,33,,+5,,,,no
809,NCH (854),809,854,yes,yes,John Hallquist Lithen,24,SWE,SWE,33,+45,+4,,Lost in Naples 3 SF,,no
810,763,763,,no,no,Dragos Nicolae Cazacu,22,ROU,ROU,33,,+6,,,,no
811,688,688,,no,no,Alexandre Aubriot,26,FRA,FRA,33,+15,+1,,Lost in Monastir 12 QF,,no
812,395,395,,no,no,Wishaya Trongcharoenchaikul,30,THA,THA,33,-14,-2,,Lost in Sharm El Sheikh 5 R32 Lost in Sharm El Sheikh 6 R32,,no
813,479,479,,no,no,Jacob Bradshaw,23,AUS,AUS,32,+44,+4,,Lost in Sharm El Sheikh 5 SF,,no
814,NCH (828),814,828,yes,yes,Matt Ponchet,21,FRA,FRA,32,+14,+1,,Lost in Pszczyna R32 Lost in Poitiers R16,,no
815,601,601,,no,no,Bautista Vilicich,24,ARG,ARG,32,-11,-2,,,,no
816,748,748,,no,no,Luca Preda,19,ROU,ROU,32,,+3,,,,no
817,717,717,,no,no,Alan Magadan,24,MEX,MEX,32,,+3,,,,no
818,497,497,,no,no,Victor Lilov,22,USA,USA,32,,+3,,,,no
819,751,751,,no,no,Joshua Charlton,26,AUS,AUS,32,+13,+1,,Lost in Burnie R16 Lost in Launceston R32,,no
820,815,815,,no,no,Romain Faucon,23,BEL,BEL,32,-5,-1,,,,no
821,635,635,,no,no,John Sperle,24,GER,GER,32,,+3,,Lost in Naples 3 R32,,no
822,745,745,,no,no,Taiyo Yamanaka,24,JPN,JPN,32,,+1,,Lost in Burnie R32 Lost in Launceston R32,,no
823,729,729,,no,no,Tomas Curras Abasolo,25,ESP,ESP,32,-45,-5,,Lost in Vale Do Lobo R32 Lost in Faro R16,,no
824,NCH (833),824,833,yes,yes,Pavel Lagutin,21,RUS,RUS,31,+17,+1,,Lost in Torello R16,,no
825,727,727,,no,no,Petros Tsitsipas,25,GRE,GRE,31,-7,-1,,Lost in Qual. Hersonissos 1 R1,,no
826,820,820,,no,no,Nikola Slavic,25,SWE,SWE,31,,+4,,,,no
827,130,130,,no,no,Duck-hee Lee,27,KOR,KOR,31,-16,-2,,Lost in Maanshan R32,,no
828,812,812,,no,no,Maximilian Homberg,23,GER,GER,31,,+5,,,,no
829,341,341,,no,no,Wilson Leite,34,BRA,BRA,31,-35,-4,,,,no
830,794,794,,no,no,Izan Almazan Valiente,20,ESP,ESP,31,-24,-3,,Lost in Heraklion R16,,no
831,433,433,,no,no,Fausto Tabacco,23,ITA,ITA,31,,+5,,Lost in Faro R32,,no
832,716,716,,no,no,Dinko Dinev,22,BUL,BUL,31,,+5,,,,no
833,663,663,,no,no,Samir Hamza Reguig,24,ALG,ALG,31,,+5,,,,no
834,13,13,,no,no,Nick Kyrgios,30,AUS,AUS,30,-83,-10,,,,no
835,NCH (839),835,839,yes,yes,Thijs Boogaard,17,NED,NED,30,,+4,,,,no
836,826,826,,no,no,Gian Luca Tanner,25,SUI,SUI,30,,+6,,,,no
837,810,810,,no,no,Kristijan Juhas,24,SRB,SRB,30,,+6,,,,no
838,544,544,,no,no,Luca Wiedenmann,27,GER,GER,30,+21,+2,**Qual. Villena 2 W**,Lost in Villena 2 QF,,yes
839,NCH (852),839,852,yes,yes,Scott Jones,28,AUS,AUS,30,+28,+3,,Lost in Burnie R32 Lost in Launceston QF,,no
840,394,394,,no,no,Tiago Cação,28,POR,POR,30,+40,+4,,Lost in Vale Do Lobo R16 Lost in Faro QF,,no
841,NCH (842),841,842,yes,yes,Natan Rodrigues,24,BRA,BRA,30,,+3,,,,no
842,532,532,,no,no,Adrien Gobat,24,FRA,FRA,30,-13,-116,,,,no
843,390,390,,no,no,Pedro Araújo,23,POR,POR,30,-31,-3,,,,no
844,820,820,,no,no,Michel Hopp,27,GER,GER,30,-10,-1,,Lost in Heraklion R32,,no
845,811,811,,no,no,Thiago Cigarran,25,ARG,ARG,30,,+1,,Lost in Yerba Buena R32,,no
846,501,501,,no,no,Christian Sigsgaard,28,DEN,DEN,29,,+2,,,,no
847,49,49,,no,no,Grégoire Barrère,32,FRA,FRA,29,,+2,,,,no
848,847,847,,no,no,Patrick Schoen,20,SUI,SUI,29,+7,+1,,Lost in Villena 2 R16 Lost in Monastir 12 R32,,no
849,508,508,,no,no,Manish Sureshkumar,26,IND,IND,29,,+2,,,,no
850,599,599,,no,no,Giorgio Tabacco,22,ITA,ITA,29,+13,+1,**Qual. Vale Do Lobo W**,Lost in Vale Do Lobo R32 Lost in Faro R16,,yes
851,814,814,,no,no,Jeffrey Von Der Schulenburg,24,SUI,SUI,29,-6,-1,,Lost in Trimbach R32,,no
852,821,821,,no,no,Vincent Marysko,20,GER,GER,29,,,,,,no
853,841,841,,no,no,Rafael Izquierdo Luque,26,ESP,ESP,29,,,,,,no
854,785,785,,no,no,Amit Vales,20,ISR,ISR,29,-7,-1,,Lost in San Jose 2 R32,,no
855,773,773,,no,no,Artur Kukasian,21,RUS,RUS,29,-41,-4,,Lost in Maanshan R32,,no
856,806,806,,no,no,Hoyoung Roh,19,KOR,KOR,28,,,,,,no
857,850,850,,no,no,Marc Van Der Merwe,31,RSA,RSA,28,,+1,,,,no
858,533,533,,no,no,Julio César Porras,28,ARG,ARG,28,,+3,,,,no
859,856,856,,no,no,Jack Kennedy,17,USA,USA,28,,+1,,,,no
860,694,694,,no,no,Xiaofei Wang,23,CHN,CHN,28,,+2,,,,no
861,CH,861,,yes,no,Andreja Petrovic,26,NOR,NOR,28,+7,+1,Torello R16 29 42,,,yes
862,736,736,,no,no,Jakub Filip,20,CZE,CZE,28,+10,+1,,Lost in Pszczyna R16 Lost in Heraklion R32,,no
863,788,788,,no,no,Joao Victor Couto Loureiro,22,BRA,BRA,28,+10,+1,,Lost in Naples 3 R32 Lost in Sherbrooke R16,,no
864,838,838,,no,no,Luca Pow,21,GBR,GBR,27,,+2,,,,no
865,453,453,,no,no,Arklon Huertas Del Pino Cordova,31,PER,PER,27,-15,-2,,,,no
866,65,65,,no,no,Egor Gerasimov,33,BLR,BLR,27,-39,-4,,,,no
867,857,857,,no,no,Charlie Robertson,19,GBR,GBR,27,,+2,,,,no
868,429,429,,no,no,Alvin Nicholas Tudorica,24,CAN,CAN,27,-12,-105,,Lost in Sherbrooke R32,,no
869,713,713,,no,no,Lautaro Agustin Falabella,28,ARG,ARG,27,,+2,,,,no
870,NCH (890),870,890,yes,yes,Anas Mazdrashki,19,BUL,BUL,27,+24,+2,,Lost in Sharm El Sheikh 5 QF Lost in Sharm El Sheikh 6 R32,,no
871,774,774,,no,no,Nitin Kumar Sinha,27,IND,IND,27,,+4,,Lost in Qual. Kigali 1 R1,,no
872,607,607,,no,no,Jacob Brumm,27,USA,USA,27,-8,-1,,,,no
873,830,830,,no,no,Carles Hernández,24,ESP,ESP,27,,+3,,Lost in Villena 2 R32,,no
874,NCH (881),874,881,yes,yes,Evan Bynoe,26,USA,USA,27,+22,+2,,Lost in Naples 3 QF,,no
875,666,666,,no,no,Niccolo Catini,28,ITA,ITA,27,-50,-5,,Lost in San Jose 2 R32,,no
876,636,636,,no,no,Taisei Ichikawa,25,JPN,JPN,27,-11,-1,,Lost in Burnie R16 Lost in Launceston R32,,no
877,NCH (878),877,878,yes,yes,Andrea Fiorentini,25,ITA,ITA,27,+8,+1,Antalya 9 R16,Lost in Antalya 8 R32 28 41,,yes
878,24,24,,no,no,Martin Kližan,36,SVK,SVK,26,,,,,,no
879,836,836,,no,no,Emon Van Loben Sels,21,USA,USA,26,,-2,,,,no
880,305,305,,no,no,Kalin Ivanovski,21,MKD,MKD,26,,-1,,,,no
881,NCH (904),881,904,yes,yes,Anton Shepp,23,NZL,NZL,26,+29,+3,,Lost in Monastir 11 QF Lost in Monastir 12 R16,,no
882,235,235,,no,no,Ivan Nedelko,39,RUS,RUS,26,,-1,,,,no
883,446,446,,no,no,Jumpei Yamasaki,28,JPN,JPN,26,-13,-1,,,,no
884,605,605,,no,no,Lorenzo Bocchi,28,ITA,ITA,26,,-2,,,,no
885,417,417,,no,no,Ajeet Rai,27,NZL,NZL,26,,-2,,Lost in Burnie QF Lost in Launceston R32,,no
886,641,641,,no,no,Kosuke Ogura,30,JPN,JPN,26,,,,,,no
887,714,714,,no,no,Niklas Schell,27,GER,GER,26,+12,+1,,Lost in Trimbach R16,,no
888,65,65,,no,no,Thanasi Kokkinakis,29,AUS,AUS,25,,-1,,,,no
889,858,858,,no,no,Manuel Plunger,23,ITA,ITA,25,,-1,,,,no
890,850,850,,no,no,Nicolas Ian Kotzen,22,USA,USA,25,,-1,,,,no
891,50,50,,no,no,Mikael Ymer,27,SWE,SWE,25,,-1,,,,no
892,742,742,,no,no,Aleksandr Lobanov,24,RUS,RUS,25,,,,,,no
893,687,687,,no,no,Daisuke Sumizawa,27,JPN,JPN,25,,,,,,no
894,782,782,,no,no,Stefano D'Agostino,22,ITA,ITA,25,,+1,,,,no
895,458,458,,no,no,Nicolas Zanellato,24,BRA,BRA,25,+9,+1,,Lost in Yerba Buena R16,,no
896,894,894,,no,no,Finn Murgett,24,GBR,GBR,25,,+1,,,,no
897,851,851,,no,no,Nicolas Jadoun,23,FRA,FRA,25,+8,+1,,Lost in San Jose 2 R16,,no
898,479,479,,no,no,Ilya Snițari,23,MDA,MDA,24,,+2,,,,no
899,845,845,,no,no,Shunsuke Nakagawa,26,JPN,JPN,24,,+2,,Lost in Qual. Fujairah 1 R1,,no
900,663,663,,no,no,Benjamin Pietri,29,FRA,FRA,24,+14,+1,,Lost in Heraklion R16,,no
901,792,792,,no,no,Mert Naci Türker,27,TUR,TUR,24,-27,-3,,Lost in Sharm El Sheikh 6 R16,,no
902,894,894,,no,no,Marcus Walters,27,GBR,GBR,24,,+1,,,,no
903,575,575,,no,no,Nikita Mashtakov,26,UKR,UKR,24,+13,+1,,Lost in Sharm El Sheikh 6 R16,,no
904,NCH (937),904,937,yes,yes,Lorenzo Angelini,20,ITA,ITA,24,+37,+3,Heraklion SF**Qual. Heraklion W**28 35,,,yes
905,743,743,,no,no,Seydina André,22,SEN,SEN,24,-7,-1,,Lost in San Jose 2 R16,,no
906,896,896,,no,no,Matthew Forbes,19,USA,USA,23,,,,,,no
907,903,903,,no,no,Theodore Dean,23,USA,USA,23,,,,,,no
908,48,48,,no,no,Pedro Cachín,30,ARG,ARG,23,,,,,,no
909,712,712,,no,no,Aoran Wang,29,CHN,CHN,23,-18,-2,,,,no
910,904,904,,no,no,Calvin Müller,25,GER,GER,23,,-1,,,,no
911,900,900,,no,no,Enzo Kohlmann De Freitas,19,BRA,BRA,23,,,,,,no
912,910,910,,no,no,Marc Majdandzic,21,GER,GER,23,,,,,,no
913,839,839,,no,no,Yaojie Zeng,24,CHN,CHN,23,+12,+1,,Lost in Maanshan R16,,no
914,869,869,,no,no,Kasra Rahmani,19,IRI,IRI,23,,-1,,,,no
915,837,837,,no,no,Marko Maksimović,20,SRB,SRB,23,,+2,,,,no
916,561,561,,no,no,Fermin Tenti,28,ARG,ARG,23,,+2,,Lost in Naples 3 R32,,no
917,833,833,,no,no,Jesse Delaney,27,AUS,AUS,23,+13,+1,,Lost in Burnie R32 Lost in Launceston R16,,no
918,469,469,,no,no,Ezekiel Clark,27,USA,USA,23,,+1,,Lost in Naples 3 R32,,no
919,888,888,,no,no,Paul Inchauspe,22,FRA,FRA,22,,+1,,,,no
920,620,620,,no,no,Trey Hilderbrand,25,USA,USA,22,,+1,,,,no
921,714,714,,no,no,Isaiah Strode,28,USA,USA,22,,+1,,,,no
922,NCH (925),922,925,yes,yes,Stijn Paardekooper,22,NED,NED,22,+14,+1,,Lost in Heraklion R16,,no
923,911,911,,no,no,Salvador Price,21,COL,COL,22,,,,,,no
924,536,536,,no,no,Ryotaro Taguchi,25,JPN,JPN,22,,,,Lost in Burnie R32 Lost in Launceston R32,,no
925,654,654,,no,no,Noah Schachter,26,USA,USA,22,-41,-4,,,,no
926,883,883,,no,no,Fernando Cavallo,20,ARG,ARG,22,,+1,,Lost in Yerba Buena R32,,no
927,604,604,,no,no,Dev Javia,23,IND,IND,22,,+2,,,,no
928,793,793,,no,no,Gabriele Maria Noce,30,ITA,ITA,22,+27,+2,Antalya 9 R16**Qual. Antalya 8 W**,Lost in Antalya 8 R16 23 36,,yes
929,830,830,,no,no,Mihai Razvan Marinescu,24,ROU,ROU,22,,+2,,,,no
930,713,713,,no,no,Grigoriy Lomakin,27,KAZ,KAZ,22,,+2,,,,no
931,898,898,,no,no,Zoran Ludoški,20,SRB,SRB,21,,+2,,,,no
932,411,411,,no,no,Micah Braswell,24,USA,USA,21,,+3,,,,no
933,150,150,,no,no,João Domingues,32,POR,POR,21,+9,+163,Faro SF,Lost in Vale Do Lobo R16 29 38,,yes
933,478,478,,no,no,Lucas Bouquet,28,FRA,FRA,21,,+4,,Lost in Poitiers R32,,no
935,769,769,,no,no,Miles Jones,25,USA,USA,21,-9,-1,,Lost in Heraklion R32,,no
936,859,859,,no,no,Adan Freire Da Silva,26,FRA,FRA,21,-8,-1,,Lost in Heraklion R32,,no
937,915,915,,no,no,Younes Lalami,24,MAR,MAR,21,+17,+1,Torello QF 23 34,,,yes
938,826,826,,no,no,Benjamin Thomas George,23,CAN,CAN,21,,+2,,Lost in Sherbrooke R32,,no
939,929,929,,no,no,Daniele Rapagnetta,19,ITA,ITA,21,,,,Lost in Monastir 11 R32,,no
940,NCH (943),940,943,yes,yes,Andrew Johnson,16,USA,USA,20,,+3,,Lost in Qual. Indian Wells R1,,no
941,463,463,,no,no,Sander Jong,25,NED,NED,20,+15,+434,**Villena 2 W**,,,yes
942,759,759,,no,no,Pablo Masjuan Ginel,23,ESP,ESP,20,,+2,,,,no
943,921,921,,no,no,Spencer Johnson,23,USA,USA,20,,+2,,,,no
944,233,233,,no,no,Yun seong Chung,27,KOR,KOR,20,,+2,,,,no
945,CH,945,,yes,no,Ryo Tabata,18,JPN,JPN,20,,+2,,,,no
946,NCH (998),946,998,yes,yes,Carles Cordoba,20,ESP,ESP,20,+52,+3,Antalya 9 R16**Qual. Antalya 8 W**,Lost in Antalya 8 QF **Qual. Antalya 9 W**21 34,,yes
947,927,927,,no,no,Qian Sun,24,CHN,CHN,20,,+1,,,,no
948,846,846,,no,no,Gabriele Bosio,25,ITA,ITA,20,,+1,,,,no
949,730,730,,no,no,Alexander Klintcharov,29,NZL,NZL,20,,+3,,,,no
950,939,939,,no,no,Nicolás Villalón,22,CHI,CHI,20,+39,+2,,Lost in Qual. Brasilia R2,,no
951,660,660,,no,no,Michael Zhu,33,USA,USA,20,-9,-1,,Lost in Qual. Villena 2 R3,,no
952,390,390,,no,no,David Pichler,30,AUT,AUT,19,,+4,,,,no
953,638,638,,no,no,Johannes Ingildsen,28,DEN,DEN,19,,+4,,,,no
954,612,612,,no,no,Ozan Baris,21,USA,USA,19,,+4,,,,no
955,946,946,,no,no,Taym Al Azmeh,21,GER,GER,19,,+4,,,,no
956,910,910,,no,no,Aleksa Ćirić,25,SRB,SRB,19,,+4,,Lost in Naples 3 R32,,no
957,466,466,,no,no,Jea Moon Lee,32,KOR,KOR,19,,+4,,,,no
958,952,952,,no,no,Pietro Romeo Scomparin,24,ITA,ITA,19,,+5,,,,no
959,950,950,,no,no,Thantub Suksumrarn,24,THA,THA,19,,+3,**Qual. Maanshan W**,Lost in Maanshan R32,,yes
960,585,585,,no,no,Ewen Lumsden,26,GBR,GBR,19,,+5,,,,no
961,759,759,,no,no,Jesse Flores,30,CRC,CRC,19,+22,+1,,Lost in San Jose 2 R16 Lost in Sherbrooke R16,,no
962,CH,962,,yes,no,Maxim Shin,22,UZB,UZB,19,,+4,,,,no
963,886,886,,no,no,Brian Bozemoj,22,NED,NED,19,-13,-1,**Qual. Pszczyna W**,Lost in Pszczyna R16,,yes
964,905,905,,no,no,Ezequiel Monferrer,22,ARG,ARG,19,+21,+1,,Lost in Yerba Buena R16,,no
965,NCH (967),965,967,yes,yes,Lucca Helguera Casado,20,ESP,ESP,19,,+2,,Lost in Qual. Antalya 8 R2 Lost in Antalya 9 R32,,no
966,NCH (968),966,968,yes,yes,Lorenzo Lorusso,26,ITA,ITA,19,,+2,,Lost in Poitiers R32,,no
967,652,652,,no,no,Diego Fernandez Flores,25,CHI,CHI,19,,+2,,,,no
968,237,237,,no,no,Nicolás Barrientos,38,COL,COL,18,,+2,,,,no
969,NCH (971),969,971,yes,yes,Dylan Dietrich,21,SUI,SUI,18,,+2,,,,no
970,14,14,,no,no,Aslan Karatsev,32,RUS,RUS,18,-25,-249,,,,no
971,144,144,,no,no,Cem İlkel,30,TUR,TUR,18,-15,-164,,,,no
972,925,925,,no,no,Alex Kuperstein,27,USA,USA,18,,,,Lost in San Jose 2 R32,,no
972,931,931,,no,no,Dante Pagani,17,ARG,ARG,18,,+1,,,,no
974,805,805,,no,no,Oliver Bonding,18,GBR,GBR,18,,+2,,,,no
975,142,142,,no,no,Joris De Loore,32,BEL,BEL,18,,+2,,,,no
976,971,971,,no,no,Markus Malaszszak,21,THA,THA,18,,+2,,Lost in Qual. Heraklion R3,,no
977,845,845,,no,no,Isaac Becroft,25,NZL,NZL,18,+41,+2,,Lost in Monastir 11 R16 Lost in Monastir 12 R16,,no
978,594,594,,no,no,Enzo Wallart,29,USA,USA,18,,+2,,,,no
979,NCH (984),979,984,yes,yes,William Rejchtman Vinciguerra,19,SWE,SWE,18,+21,+1,**Qual. Heraklion W**,Lost in Heraklion R16,,yes
980,923,923,,no,no,Justin Schlageter,24,GER,GER,18,-16,-1,,,,no
981,934,934,,no,no,Tomás Martínez,22,ARG,ARG,18,,+1,,Lost in Yerba Buena R32,,no
982,355,355,,no,no,Karl Friberg,26,SWE,SWE,18,,-1,**Qual. Villena 2 W**,Lost in Villena 2 R32,,yes
983,685,685,,no,no,Peter Buldorini,21,IRL,IRL,18,+20,+1,Antalya 9 R16,Lost in Antalya 8 R32 19 32,,yes
984,733,733,,no,no,Naoya Honda,19,JPN,JPN,18,-31,-2,,Lost in Qual. Vale Do Lobo R1 Lost in Qual. Faro R2,,no
985,977,977,,no,no,Daniel Salazar,24,COL,COL,18,,+1,,Lost in Qual. Heraklion R3,,no
986,922,922,,no,no,Rares Teodor Pieleanu,19,ROU,ROU,18,+19,+1,,Lost in Sherbrooke R16,,no
987,959,959,,no,no,Ruslan Tiukaev,20,RUS,RUS,18,,+1,,,,no
988,906,906,,no,no,Jeremy Gschwendtner,27,GBR,GBR,18,,-1,,Lost in Torello R32,,no
989,951,951,,no,no,Giannicola Misasi,25,ITA,ITA,18,,+1,,Lost in Qual. Antalya 8 R1,,no
990,929,929,,no,no,Andrew Delgado,20,USA,USA,17,,+2,,,,no
991,978,978,,no,no,Žiga Šeško,17,SLO,SLO,17,,,,Lost in Heraklion R32,,no
992,956,956,,no,no,Kuang Qing Xu,19,CHN,CHN,17,,+1,,,,no
993,595,595,,no,no,Mateo Barreiros Reyes,25,BRA,BRA,17,,+1,,,,no
994,975,975,,no,no,Alexander Vasilev,18,BUL,BUL,17,+33,+2,Antalya 9 R16,Lost in Antalya 8 R16 18 31,,yes
995,986,986,,no,no,Suk Hyun Choo,24,KOR,KOR,17,,,,,,no
996,958,958,,no,no,Dominique Rolland,21,USA,USA,17,,,,,,no
997,965,965,,no,no,Oskari Paldanius,18,FIN,FIN,17,-23,-1,,Lost in Pszczyna R32,,no
997,902,902,,no,no,Lorenzo Gagliardo,25,ITA,ITA,17,+15,+1,,Lost in Yerba Buena R16,,no
999,619,619,,no,no,Benjamin Winter Lopez,27,ESP,ESP,17,-24,-1,,,,no
1000,994,994,,no,no,Zach Stephens,19,GBR,GBR,17,,-1,"Fujairah 1 R32 21 67 Next In Play : **ATP1000** Indian Wells **CH100** Thionville **CH75** Brasilia,​Kigali 1 **CH50** Fujairah 1,​Hersonissos 1 **M25** Faro,​Launceston,​Trimbach,​Yerba Buena **M15** Antalya 9,​Heraklion,​Maanshan,​Monastir 12,​Poitiers,​Sharm El Sheikh 6,​Sherbrooke,​Torello Highlight Country :",,,yes
