fetched_at_utc,category_key,category_label,rank,player_name,player_id,profile_url,image_url,rating,metric_1_name,metric_1_value,metric_2_name,metric_2_value,metric_3_name,metric_3_value,metric_4_name,metric_4_value,metric_5_name,metric_5_value,metric_6_name,metric_6_value,metrics_json
2026-03-07T07:52:00.531872Z,pressure,Under Pressure,1,Carlos Alcaraz,A0E2,https://www.atptour.com/en/players/carlos-alcaraz/a0e2/overview,https://www.atptour.com/-/media/alias/player-headshot/A0E2,259.6,% Break Points Converted,43.9%,% Break Points Saved,67.7%,% Tie Breaks Won,65.6%,% Deciding Sets Won,82.4%,,,,,"{""% Break Points Converted"": ""43.9%"", ""% Break Points Saved"": ""67.7%"", ""% Tie Breaks Won"": ""65.6%"", ""% Deciding Sets Won"": ""82.4%""}"
2026-03-07T07:52:00.531872Z,pressure,Under Pressure,2,Ben Shelton,S0S1,https://www.atptour.com/en/players/ben-shelton/s0s1/overview,https://www.atptour.com/-/media/alias/player-headshot/S0S1,249.6,% Break Points Converted,40.9%,% Break Points Saved,67.7%,% Tie Breaks Won,61.0%,% Deciding Sets Won,80.0%,,,,,"{""% Break Points Converted"": ""40.9%"", ""% Break Points Saved"": ""67.7%"", ""% Tie Breaks Won"": ""61.0%"", ""% Deciding Sets Won"": ""80.0%""}"
2026-03-07T07:52:00.531872Z,pressure,Under Pressure,3,Novak Djokovic,D643,https://www.atptour.com/en/players/novak-djokovic/d643/overview,https://www.atptour.com/-/media/alias/player-headshot/D643,249.4,% Break Points Converted,42.3%,% Break Points Saved,64.6%,% Tie Breaks Won,55.0%,% Deciding Sets Won,87.5%,,,,,"{""% Break Points Converted"": ""42.3%"", ""% Break Points Saved"": ""64.6%"", ""% Tie Breaks Won"": ""55.0%"", ""% Deciding Sets Won"": ""87.5%""}"
2026-03-07T07:52:00.531872Z,pressure,Under Pressure,4,Felix Auger-Aliassime,AG37,https://www.atptour.com/en/players/felix-auger-aliassime/ag37/overview,https://www.atptour.com/-/media/alias/player-headshot/AG37,239.6,% Break Points Converted,34.5%,% Break Points Saved,67.1%,% Tie Breaks Won,69.2%,% Deciding Sets Won,68.8%,,,,,"{""% Break Points Converted"": ""34.5%"", ""% Break Points Saved"": ""67.1%"", ""% Tie Breaks Won"": ""69.2%"", ""% Deciding Sets Won"": ""68.8%""}"
2026-03-07T07:52:00.531872Z,pressure,Under Pressure,5,Alexander Bublik,BK92,https://www.atptour.com/en/players/alexander-bublik/bk92/overview,https://www.atptour.com/-/media/alias/player-headshot/BK92,239.4,% Break Points Converted,39.5%,% Break Points Saved,71.2%,% Tie Breaks Won,65.5%,% Deciding Sets Won,63.2%,,,,,"{""% Break Points Converted"": ""39.5%"", ""% Break Points Saved"": ""71.2%"", ""% Tie Breaks Won"": ""65.5%"", ""% Deciding Sets Won"": ""63.2%""}"
2026-03-07T07:52:00.531872Z,pressure,Under Pressure,6,Jannik Sinner,S0AG,https://www.atptour.com/en/players/jannik-sinner/s0ag/overview,https://www.atptour.com/-/media/alias/player-headshot/S0AG,236.5,% Break Points Converted,43.4%,% Break Points Saved,72.2%,% Tie Breaks Won,76.5%,% Deciding Sets Won,44.4%,,,,,"{""% Break Points Converted"": ""43.4%"", ""% Break Points Saved"": ""72.2%"", ""% Tie Breaks Won"": ""76.5%"", ""% Deciding Sets Won"": ""44.4%""}"
2026-03-07T07:52:00.531872Z,pressure,Under Pressure,7,Learner Tien,T0HA,https://www.atptour.com/en/players/learner-tien/t0ha/overview,https://www.atptour.com/-/media/alias/player-headshot/T0HA,233.5,% Break Points Converted,42.1%,% Break Points Saved,62.8%,% Tie Breaks Won,63.9%,% Deciding Sets Won,64.7%,,,,,"{""% Break Points Converted"": ""42.1%"", ""% Break Points Saved"": ""62.8%"", ""% Tie Breaks Won"": ""63.9%"", ""% Deciding Sets Won"": ""64.7%""}"
2026-03-07T07:52:00.531872Z,pressure,Under Pressure,8,Taylor Fritz,FB98,https://www.atptour.com/en/players/taylor-fritz/fb98/overview,https://www.atptour.com/-/media/alias/player-headshot/FB98,232.7,% Break Points Converted,36.3%,% Break Points Saved,66.4%,% Tie Breaks Won,61.8%,% Deciding Sets Won,68.2%,,,,,"{""% Break Points Converted"": ""36.3%"", ""% Break Points Saved"": ""66.4%"", ""% Tie Breaks Won"": ""61.8%"", ""% Deciding Sets Won"": ""68.2%""}"
2026-03-07T07:52:00.531872Z,pressure,Under Pressure,9,Luciano Darderi,D0FJ,https://www.atptour.com/en/players/luciano-darderi/d0fj/overview,https://www.atptour.com/-/media/alias/player-headshot/D0FJ,228.4,% Break Points Converted,38.6%,% Break Points Saved,60.1%,% Tie Breaks Won,63.0%,% Deciding Sets Won,66.7%,,,,,"{""% Break Points Converted"": ""38.6%"", ""% Break Points Saved"": ""60.1%"", ""% Tie Breaks Won"": ""63.0%"", ""% Deciding Sets Won"": ""66.7%""}"
2026-03-07T07:52:00.531872Z,pressure,Under Pressure,10,Sebastian Baez,B0BI,https://www.atptour.com/en/players/sebastian-baez/b0bi/overview,https://www.atptour.com/-/media/alias/player-headshot/B0BI,228.0,% Break Points Converted,43.7%,% Break Points Saved,59.4%,% Tie Breaks Won,77.8%,% Deciding Sets Won,47.1%,,,,,"{""% Break Points Converted"": ""43.7%"", ""% Break Points Saved"": ""59.4%"", ""% Tie Breaks Won"": ""77.8%"", ""% Deciding Sets Won"": ""47.1%""}"
2026-03-07T07:52:00.531872Z,pressure,Under Pressure,11,Alex de Minaur,DH58,https://www.atptour.com/en/players/alex-de/dh58/overview,https://www.atptour.com/-/media/alias/player-headshot/DH58,227.9,% Break Points Converted,43.1%,% Break Points Saved,64.8%,% Tie Breaks Won,60.0%,% Deciding Sets Won,60.0%,,,,,"{""% Break Points Converted"": ""43.1%"", ""% Break Points Saved"": ""64.8%"", ""% Tie Breaks Won"": ""60.0%"", ""% Deciding Sets Won"": ""60.0%""}"
2026-03-07T07:52:00.531872Z,pressure,Under Pressure,12,Grigor Dimitrov,D875,https://www.atptour.com/en/players/grigor-dimitrov/d875/overview,https://www.atptour.com/-/media/alias/player-headshot/D875,226.9,% Break Points Converted,38.3%,% Break Points Saved,66.1%,% Tie Breaks Won,60.0%,% Deciding Sets Won,62.5%,,,,,"{""% Break Points Converted"": ""38.3%"", ""% Break Points Saved"": ""66.1%"", ""% Tie Breaks Won"": ""60.0%"", ""% Deciding Sets Won"": ""62.5%""}"
2026-03-07T07:52:00.531872Z,pressure,Under Pressure,13,Jakub Mensik,M0NI,https://www.atptour.com/en/players/jakub-mensik/m0ni/overview,https://www.atptour.com/-/media/alias/player-headshot/M0NI,226.6,% Break Points Converted,41.3%,% Break Points Saved,64.5%,% Tie Breaks Won,65.8%,% Deciding Sets Won,55.0%,,,,,"{""% Break Points Converted"": ""41.3%"", ""% Break Points Saved"": ""64.5%"", ""% Tie Breaks Won"": ""65.8%"", ""% Deciding Sets Won"": ""55.0%""}"
2026-03-07T07:52:00.531872Z,pressure,Under Pressure,14,Flavio Cobolli,C0E9,https://www.atptour.com/en/players/flavio-cobolli/c0e9/overview,https://www.atptour.com/-/media/alias/player-headshot/C0E9,225.9,% Break Points Converted,38.3%,% Break Points Saved,60.5%,% Tie Breaks Won,63.9%,% Deciding Sets Won,63.2%,,,,,"{""% Break Points Converted"": ""38.3%"", ""% Break Points Saved"": ""60.5%"", ""% Tie Breaks Won"": ""63.9%"", ""% Deciding Sets Won"": ""63.2%""}"
2026-03-07T07:52:00.531872Z,pressure,Under Pressure,15,Arthur Fils,F0F1,https://www.atptour.com/en/players/arthur-fils/f0f1/overview,https://www.atptour.com/-/media/alias/player-headshot/F0F1,225.5,% Break Points Converted,41.8%,% Break Points Saved,58.7%,% Tie Breaks Won,50.0%,% Deciding Sets Won,75.0%,,,,,"{""% Break Points Converted"": ""41.8%"", ""% Break Points Saved"": ""58.7%"", ""% Tie Breaks Won"": ""50.0%"", ""% Deciding Sets Won"": ""75.0%""}"
2026-03-07T07:52:00.531872Z,pressure,Under Pressure,16,Jack Draper,D0CO,https://www.atptour.com/en/players/jack-draper/d0co/overview,https://www.atptour.com/-/media/alias/player-headshot/D0CO,223.1,% Break Points Converted,40.2%,% Break Points Saved,66.2%,% Tie Breaks Won,66.7%,% Deciding Sets Won,50.0%,,,,,"{""% Break Points Converted"": ""40.2%"", ""% Break Points Saved"": ""66.2%"", ""% Tie Breaks Won"": ""66.7%"", ""% Deciding Sets Won"": ""50.0%""}"
2026-03-07T07:52:00.531872Z,pressure,Under Pressure,17,Cameron Norrie,N771,https://www.atptour.com/en/players/cameron-norrie/n771/overview,https://www.atptour.com/-/media/alias/player-headshot/N771,222.1,% Break Points Converted,37.8%,% Break Points Saved,66.7%,% Tie Breaks Won,56.1%,% Deciding Sets Won,61.5%,,,,,"{""% Break Points Converted"": ""37.8%"", ""% Break Points Saved"": ""66.7%"", ""% Tie Breaks Won"": ""56.1%"", ""% Deciding Sets Won"": ""61.5%""}"
2026-03-07T07:52:00.531872Z,pressure,Under Pressure,18,Ethan Quinn,Q02L,https://www.atptour.com/en/players/ethan-quinn/q02l/overview,https://www.atptour.com/-/media/alias/player-headshot/Q02L,220.9,% Break Points Converted,42.3%,% Break Points Saved,59.8%,% Tie Breaks Won,43.8%,% Deciding Sets Won,75.0%,,,,,"{""% Break Points Converted"": ""42.3%"", ""% Break Points Saved"": ""59.8%"", ""% Tie Breaks Won"": ""43.8%"", ""% Deciding Sets Won"": ""75.0%""}"
2026-03-07T07:52:00.531872Z,pressure,Under Pressure,19,Jenson Brooksby,B0CD,https://www.atptour.com/en/players/jenson-brooksby/b0cd/overview,https://www.atptour.com/-/media/alias/player-headshot/B0CD,220.8,% Break Points Converted,39.1%,% Break Points Saved,61.2%,% Tie Breaks Won,66.7%,% Deciding Sets Won,53.8%,,,,,"{""% Break Points Converted"": ""39.1%"", ""% Break Points Saved"": ""61.2%"", ""% Tie Breaks Won"": ""66.7%"", ""% Deciding Sets Won"": ""53.8%""}"
2026-03-07T07:52:00.531872Z,pressure,Under Pressure,20,Frances Tiafoe,TD51,https://www.atptour.com/en/players/frances-tiafoe/td51/overview,https://www.atptour.com/-/media/alias/player-headshot/TD51,217.2,% Break Points Converted,39.9%,% Break Points Saved,60.6%,% Tie Breaks Won,66.7%,% Deciding Sets Won,50.0%,,,,,"{""% Break Points Converted"": ""39.9%"", ""% Break Points Saved"": ""60.6%"", ""% Tie Breaks Won"": ""66.7%"", ""% Deciding Sets Won"": ""50.0%""}"
2026-03-07T07:52:00.531872Z,pressure,Under Pressure,21,Holger Rune,R0DG,https://www.atptour.com/en/players/holger-rune/r0dg/overview,https://www.atptour.com/-/media/alias/player-headshot/R0DG,215.7,% Break Points Converted,45.2%,% Break Points Saved,67.2%,% Tie Breaks Won,50.0%,% Deciding Sets Won,53.3%,,,,,"{""% Break Points Converted"": ""45.2%"", ""% Break Points Saved"": ""67.2%"", ""% Tie Breaks Won"": ""50.0%"", ""% Deciding Sets Won"": ""53.3%""}"
2026-03-07T07:52:00.531872Z,pressure,Under Pressure,22,Corentin Moutet,MW02,https://www.atptour.com/en/players/corentin-moutet/mw02/overview,https://www.atptour.com/-/media/alias/player-headshot/MW02,215.7,% Break Points Converted,42.7%,% Break Points Saved,65.6%,% Tie Breaks Won,60.0%,% Deciding Sets Won,47.4%,,,,,"{""% Break Points Converted"": ""42.7%"", ""% Break Points Saved"": ""65.6%"", ""% Tie Breaks Won"": ""60.0%"", ""% Deciding Sets Won"": ""47.4%""}"
2026-03-07T07:52:00.531872Z,pressure,Under Pressure,23,Tommy Paul,PL56,https://www.atptour.com/en/players/tommy-paul/pl56/overview,https://www.atptour.com/-/media/alias/player-headshot/PL56,215.5,% Break Points Converted,42.4%,% Break Points Saved,62.5%,% Tie Breaks Won,55.0%,% Deciding Sets Won,55.6%,,,,,"{""% Break Points Converted"": ""42.4%"", ""% Break Points Saved"": ""62.5%"", ""% Tie Breaks Won"": ""55.0%"", ""% Deciding Sets Won"": ""55.6%""}"
2026-03-07T07:52:00.531872Z,pressure,Under Pressure,24,Marton Fucsovics,F724,https://www.atptour.com/en/players/marton-fucsovics/f724/overview,https://www.atptour.com/-/media/alias/player-headshot/F724,215.2,% Break Points Converted,41.1%,% Break Points Saved,57.4%,% Tie Breaks Won,50.0%,% Deciding Sets Won,66.7%,,,,,"{""% Break Points Converted"": ""41.1%"", ""% Break Points Saved"": ""57.4%"", ""% Tie Breaks Won"": ""50.0%"", ""% Deciding Sets Won"": ""66.7%""}"
2026-03-07T07:52:00.531872Z,pressure,Under Pressure,25,Matteo Arnaldi,A0FC,https://www.atptour.com/en/players/matteo-arnaldi/a0fc/overview,https://www.atptour.com/-/media/alias/player-headshot/A0FC,214.9,% Break Points Converted,31.8%,% Break Points Saved,63.7%,% Tie Breaks Won,72.7%,% Deciding Sets Won,46.7%,,,,,"{""% Break Points Converted"": ""31.8%"", ""% Break Points Saved"": ""63.7%"", ""% Tie Breaks Won"": ""72.7%"", ""% Deciding Sets Won"": ""46.7%""}"
2026-03-07T07:52:00.531872Z,pressure,Under Pressure,26,Matteo Berrettini,BK40,https://www.atptour.com/en/players/matteo-berrettini/bk40/overview,https://www.atptour.com/-/media/alias/player-headshot/BK40,214.8,% Break Points Converted,37.9%,% Break Points Saved,65.0%,% Tie Breaks Won,56.3%,% Deciding Sets Won,55.6%,,,,,"{""% Break Points Converted"": ""37.9%"", ""% Break Points Saved"": ""65.0%"", ""% Tie Breaks Won"": ""56.3%"", ""% Deciding Sets Won"": ""55.6%""}"
2026-03-07T07:52:00.531872Z,pressure,Under Pressure,27,Zizou Bergs,BU13,https://www.atptour.com/en/players/zizou-bergs/bu13/overview,https://www.atptour.com/-/media/alias/player-headshot/BU13,214.6,% Break Points Converted,35.6%,% Break Points Saved,62.9%,% Tie Breaks Won,46.9%,% Deciding Sets Won,69.2%,,,,,"{""% Break Points Converted"": ""35.6%"", ""% Break Points Saved"": ""62.9%"", ""% Tie Breaks Won"": ""46.9%"", ""% Deciding Sets Won"": ""69.2%""}"
2026-03-07T07:52:00.531872Z,pressure,Under Pressure,28,Arthur Rinderknech,RC91,https://www.atptour.com/en/players/arthur-rinderknech/rc91/overview,https://www.atptour.com/-/media/alias/player-headshot/RC91,214.1,% Break Points Converted,33.6%,% Break Points Saved,67.4%,% Tie Breaks Won,41.7%,% Deciding Sets Won,71.4%,,,,,"{""% Break Points Converted"": ""33.6%"", ""% Break Points Saved"": ""67.4%"", ""% Tie Breaks Won"": ""41.7%"", ""% Deciding Sets Won"": ""71.4%""}"
2026-03-07T07:52:00.531872Z,pressure,Under Pressure,29,Tomas Martin Etcheverry,EA24,https://www.atptour.com/en/players/tomas-martin/ea24/overview,https://www.atptour.com/-/media/alias/player-headshot/EA24,213.2,% Break Points Converted,36.4%,% Break Points Saved,64.7%,% Tie Breaks Won,48.5%,% Deciding Sets Won,63.6%,,,,,"{""% Break Points Converted"": ""36.4%"", ""% Break Points Saved"": ""64.7%"", ""% Tie Breaks Won"": ""48.5%"", ""% Deciding Sets Won"": ""63.6%""}"
2026-03-07T07:52:00.531872Z,pressure,Under Pressure,30,Francisco Cerundolo,C0AU,https://www.atptour.com/en/players/francisco-cerundolo/c0au/overview,https://www.atptour.com/-/media/alias/player-headshot/C0AU,213.0,% Break Points Converted,43.4%,% Break Points Saved,62.9%,% Tie Breaks Won,66.7%,% Deciding Sets Won,40.0%,,,,,"{""% Break Points Converted"": ""43.4%"", ""% Break Points Saved"": ""62.9%"", ""% Tie Breaks Won"": ""66.7%"", ""% Deciding Sets Won"": ""40.0%""}"
2026-03-07T07:52:00.531872Z,pressure,Under Pressure,31,Casper Ruud,RH16,https://www.atptour.com/en/players/casper-ruud/rh16/overview,https://www.atptour.com/-/media/alias/player-headshot/RH16,211.5,% Break Points Converted,38.8%,% Break Points Saved,67.3%,% Tie Breaks Won,62.5%,% Deciding Sets Won,42.9%,,,,,"{""% Break Points Converted"": ""38.8%"", ""% Break Points Saved"": ""67.3%"", ""% Tie Breaks Won"": ""62.5%"", ""% Deciding Sets Won"": ""42.9%""}"
2026-03-07T07:52:00.531872Z,pressure,Under Pressure,32,Valentin Vacherot,VA25,https://www.atptour.com/en/players/valentin-vacherot/va25/overview,https://www.atptour.com/-/media/alias/player-headshot/VA25,210.5,% Break Points Converted,39.0%,% Break Points Saved,64.8%,% Tie Breaks Won,40.0%,% Deciding Sets Won,66.7%,,,,,"{""% Break Points Converted"": ""39.0%"", ""% Break Points Saved"": ""64.8%"", ""% Tie Breaks Won"": ""40.0%"", ""% Deciding Sets Won"": ""66.7%""}"
2026-03-07T07:52:00.531872Z,pressure,Under Pressure,33,Reilly Opelka,O522,https://www.atptour.com/en/players/reilly-opelka/o522/overview,https://www.atptour.com/-/media/alias/player-headshot/O522,209.9,% Break Points Converted,28.2%,% Break Points Saved,71.9%,% Tie Breaks Won,55.3%,% Deciding Sets Won,54.5%,,,,,"{""% Break Points Converted"": ""28.2%"", ""% Break Points Saved"": ""71.9%"", ""% Tie Breaks Won"": ""55.3%"", ""% Deciding Sets Won"": ""54.5%""}"
2026-03-07T07:52:00.531872Z,pressure,Under Pressure,34,Tallon Griekspoor,GJ37,https://www.atptour.com/en/players/tallon-griekspoor/gj37/overview,https://www.atptour.com/-/media/alias/player-headshot/GJ37,209.7,% Break Points Converted,34.1%,% Break Points Saved,65.5%,% Tie Breaks Won,54.5%,% Deciding Sets Won,55.6%,,,,,"{""% Break Points Converted"": ""34.1%"", ""% Break Points Saved"": ""65.5%"", ""% Tie Breaks Won"": ""54.5%"", ""% Deciding Sets Won"": ""55.6%""}"
2026-03-07T07:52:00.531872Z,pressure,Under Pressure,35,Alejandro Davidovich Fokina,DH50,https://www.atptour.com/en/players/alejandro-davidovich/dh50/overview,https://www.atptour.com/-/media/alias/player-headshot/DH50,209.3,% Break Points Converted,43.2%,% Break Points Saved,67.7%,% Tie Breaks Won,48.4%,% Deciding Sets Won,50.0%,,,,,"{""% Break Points Converted"": ""43.2%"", ""% Break Points Saved"": ""67.7%"", ""% Tie Breaks Won"": ""48.4%"", ""% Deciding Sets Won"": ""50.0%""}"
2026-03-07T07:52:00.531872Z,pressure,Under Pressure,36,Adam Walton,W09E,https://www.atptour.com/en/players/adam-walton/w09e/overview,https://www.atptour.com/-/media/alias/player-headshot/W09E,209.3,% Break Points Converted,41.8%,% Break Points Saved,60.5%,% Tie Breaks Won,37.0%,% Deciding Sets Won,70.0%,,,,,"{""% Break Points Converted"": ""41.8%"", ""% Break Points Saved"": ""60.5%"", ""% Tie Breaks Won"": ""37.0%"", ""% Deciding Sets Won"": ""70.0%""}"
2026-03-07T07:52:00.531872Z,pressure,Under Pressure,37,Alexandre Muller,MP20,https://www.atptour.com/en/players/alexandre-muller/mp20/overview,https://www.atptour.com/-/media/alias/player-headshot/MP20,208.9,% Break Points Converted,38.0%,% Break Points Saved,59.8%,% Tie Breaks Won,46.4%,% Deciding Sets Won,64.7%,,,,,"{""% Break Points Converted"": ""38.0%"", ""% Break Points Saved"": ""59.8%"", ""% Tie Breaks Won"": ""46.4%"", ""% Deciding Sets Won"": ""64.7%""}"
2026-03-07T07:52:00.531872Z,pressure,Under Pressure,38,Sebastian Korda,K0AH,https://www.atptour.com/en/players/sebastian-korda/k0ah/overview,https://www.atptour.com/-/media/alias/player-headshot/K0AH,208.8,% Break Points Converted,37.8%,% Break Points Saved,64.6%,% Tie Breaks Won,47.6%,% Deciding Sets Won,58.8%,,,,,"{""% Break Points Converted"": ""37.8%"", ""% Break Points Saved"": ""64.6%"", ""% Tie Breaks Won"": ""47.6%"", ""% Deciding Sets Won"": ""58.8%""}"
2026-03-07T07:52:00.531872Z,pressure,Under Pressure,39,Andrey Rublev,RE44,https://www.atptour.com/en/players/andrey-rublev/re44/overview,https://www.atptour.com/-/media/alias/player-headshot/RE44,206.2,% Break Points Converted,38.5%,% Break Points Saved,64.1%,% Tie Breaks Won,53.6%,% Deciding Sets Won,50.0%,,,,,"{""% Break Points Converted"": ""38.5%"", ""% Break Points Saved"": ""64.1%"", ""% Tie Breaks Won"": ""53.6%"", ""% Deciding Sets Won"": ""50.0%""}"
2026-03-07T07:52:00.531872Z,pressure,Under Pressure,40,Nuno Borges,BT72,https://www.atptour.com/en/players/nuno-borges/bt72/overview,https://www.atptour.com/-/media/alias/player-headshot/BT72,205.3,% Break Points Converted,35.1%,% Break Points Saved,62.8%,% Tie Breaks Won,42.4%,% Deciding Sets Won,65.0%,,,,,"{""% Break Points Converted"": ""35.1%"", ""% Break Points Saved"": ""62.8%"", ""% Tie Breaks Won"": ""42.4%"", ""% Deciding Sets Won"": ""65.0%""}"
2026-03-07T07:52:00.531872Z,pressure,Under Pressure,41,Alexander Zverev,Z355,https://www.atptour.com/en/players/alexander-zverev/z355/overview,https://www.atptour.com/-/media/alias/player-headshot/Z355,204.8,% Break Points Converted,41.8%,% Break Points Saved,62.2%,% Tie Breaks Won,55.8%,% Deciding Sets Won,45.0%,,,,,"{""% Break Points Converted"": ""41.8%"", ""% Break Points Saved"": ""62.2%"", ""% Tie Breaks Won"": ""55.8%"", ""% Deciding Sets Won"": ""45.0%""}"
2026-03-07T07:52:00.531872Z,pressure,Under Pressure,42,Lorenzo Musetti,M0EJ,https://www.atptour.com/en/players/lorenzo-musetti/m0ej/overview,https://www.atptour.com/-/media/alias/player-headshot/M0EJ,204.7,% Break Points Converted,39.6%,% Break Points Saved,61.6%,% Tie Breaks Won,43.5%,% Deciding Sets Won,60.0%,,,,,"{""% Break Points Converted"": ""39.6%"", ""% Break Points Saved"": ""61.6%"", ""% Tie Breaks Won"": ""43.5%"", ""% Deciding Sets Won"": ""60.0%""}"
2026-03-07T07:52:00.531872Z,pressure,Under Pressure,43,Daniil Medvedev,MM58,https://www.atptour.com/en/players/daniil-medvedev/mm58/overview,https://www.atptour.com/-/media/alias/player-headshot/MM58,202.1,% Break Points Converted,40.5%,% Break Points Saved,60.3%,% Tie Breaks Won,44.8%,% Deciding Sets Won,56.5%,,,,,"{""% Break Points Converted"": ""40.5%"", ""% Break Points Saved"": ""60.3%"", ""% Tie Breaks Won"": ""44.8%"", ""% Deciding Sets Won"": ""56.5%""}"
2026-03-07T07:52:00.531872Z,pressure,Under Pressure,44,Gabriel Diallo,D0F6,https://www.atptour.com/en/players/gabriel-diallo/d0f6/overview,https://www.atptour.com/-/media/alias/player-headshot/D0F6,202.1,% Break Points Converted,40.1%,% Break Points Saved,58.8%,% Tie Breaks Won,56.5%,% Deciding Sets Won,46.7%,,,,,"{""% Break Points Converted"": ""40.1%"", ""% Break Points Saved"": ""58.8%"", ""% Tie Breaks Won"": ""56.5%"", ""% Deciding Sets Won"": ""46.7%""}"
2026-03-07T07:52:00.531872Z,pressure,Under Pressure,45,Alex Michelsen,M0QI,https://www.atptour.com/en/players/alex-michelsen/m0qi/overview,https://www.atptour.com/-/media/alias/player-headshot/M0QI,201.6,% Break Points Converted,34.2%,% Break Points Saved,60.0%,% Tie Breaks Won,47.4%,% Deciding Sets Won,60.0%,,,,,"{""% Break Points Converted"": ""34.2%"", ""% Break Points Saved"": ""60.0%"", ""% Tie Breaks Won"": ""47.4%"", ""% Deciding Sets Won"": ""60.0%""}"
2026-03-07T07:52:00.531872Z,pressure,Under Pressure,46,Karen Khachanov,KE29,https://www.atptour.com/en/players/karen-khachanov/ke29/overview,https://www.atptour.com/-/media/alias/player-headshot/KE29,201.3,% Break Points Converted,39.5%,% Break Points Saved,64.7%,% Tie Breaks Won,43.8%,% Deciding Sets Won,53.3%,,,,,"{""% Break Points Converted"": ""39.5%"", ""% Break Points Saved"": ""64.7%"", ""% Tie Breaks Won"": ""43.8%"", ""% Deciding Sets Won"": ""53.3%""}"
2026-03-07T07:52:00.531872Z,pressure,Under Pressure,47,Jiri Lehecka,L0BV,https://www.atptour.com/en/players/jiri-lehecka/l0bv/overview,https://www.atptour.com/-/media/alias/player-headshot/L0BV,200.7,% Break Points Converted,40.5%,% Break Points Saved,61.2%,% Tie Breaks Won,51.9%,% Deciding Sets Won,47.1%,,,,,"{""% Break Points Converted"": ""40.5%"", ""% Break Points Saved"": ""61.2%"", ""% Tie Breaks Won"": ""51.9%"", ""% Deciding Sets Won"": ""47.1%""}"
2026-03-07T07:52:00.531872Z,pressure,Under Pressure,48,Adrian Mannarino,ME82,https://www.atptour.com/en/players/adrian-mannarino/me82/overview,https://www.atptour.com/-/media/alias/player-headshot/ME82,200.5,% Break Points Converted,38.3%,% Break Points Saved,66.2%,% Tie Breaks Won,38.9%,% Deciding Sets Won,57.1%,,,,,"{""% Break Points Converted"": ""38.3%"", ""% Break Points Saved"": ""66.2%"", ""% Tie Breaks Won"": ""38.9%"", ""% Deciding Sets Won"": ""57.1%""}"
2026-03-07T07:52:00.531872Z,pressure,Under Pressure,49,Tomas Machac,M0FH,https://www.atptour.com/en/players/tomas-machac/m0fh/overview,https://www.atptour.com/-/media/alias/player-headshot/M0FH,200.4,% Break Points Converted,45.5%,% Break Points Saved,63.5%,% Tie Breaks Won,52.9%,% Deciding Sets Won,38.5%,,,,,"{""% Break Points Converted"": ""45.5%"", ""% Break Points Saved"": ""63.5%"", ""% Tie Breaks Won"": ""52.9%"", ""% Deciding Sets Won"": ""38.5%""}"
2026-03-07T07:52:00.531872Z,pressure,Under Pressure,50,Giovanni Mpetshi Perricard,M0GZ,https://www.atptour.com/en/players/giovanni-mpetshi/m0gz/overview,https://www.atptour.com/-/media/alias/player-headshot/M0GZ,198.2,% Break Points Converted,31.9%,% Break Points Saved,66.1%,% Tie Breaks Won,55.8%,% Deciding Sets Won,44.4%,,,,,"{""% Break Points Converted"": ""31.9%"", ""% Break Points Saved"": ""66.1%"", ""% Tie Breaks Won"": ""55.8%"", ""% Deciding Sets Won"": ""44.4%""}"
2026-03-07T07:52:00.531872Z,return,Return,1,Jannik Sinner,S0AG,https://www.atptour.com/en/players/jannik-sinner/s0ag/overview,https://www.atptour.com/-/media/alias/player-headshot/S0AG,166.6,% 1st Serve Return Points Won,33.1%,% 2nd Serve Return Points Won,57.9%,% Return Games Won,32.2%,% Break Points Converted,43.4%,,,,,"{""% 1st Serve Return Points Won"": ""33.1%"", ""% 2nd Serve Return Points Won"": ""57.9%"", ""% Return Games Won"": ""32.2%"", ""% Break Points Converted"": ""43.4%""}"
2026-03-07T07:52:00.531872Z,return,Return,2,Carlos Alcaraz,A0E2,https://www.atptour.com/en/players/carlos-alcaraz/a0e2/overview,https://www.atptour.com/-/media/alias/player-headshot/A0E2,163.3,% 1st Serve Return Points Won,34.6%,% 2nd Serve Return Points Won,53.7%,% Return Games Won,31.1%,% Break Points Converted,43.9%,,,,,"{""% 1st Serve Return Points Won"": ""34.6%"", ""% 2nd Serve Return Points Won"": ""53.7%"", ""% Return Games Won"": ""31.1%"", ""% Break Points Converted"": ""43.9%""}"
2026-03-07T07:52:00.531872Z,return,Return,3,Francisco Cerundolo,C0AU,https://www.atptour.com/en/players/francisco-cerundolo/c0au/overview,https://www.atptour.com/-/media/alias/player-headshot/C0AU,159.1,% 1st Serve Return Points Won,33.1%,% 2nd Serve Return Points Won,53.3%,% Return Games Won,29.3%,% Break Points Converted,43.4%,,,,,"{""% 1st Serve Return Points Won"": ""33.1%"", ""% 2nd Serve Return Points Won"": ""53.3%"", ""% Return Games Won"": ""29.3%"", ""% Break Points Converted"": ""43.4%""}"
2026-03-07T07:52:00.531872Z,return,Return,4,Alex de Minaur,DH58,https://www.atptour.com/en/players/alex-de/dh58/overview,https://www.atptour.com/-/media/alias/player-headshot/DH58,157.5,% 1st Serve Return Points Won,31.9%,% 2nd Serve Return Points Won,54.3%,% Return Games Won,28.2%,% Break Points Converted,43.1%,,,,,"{""% 1st Serve Return Points Won"": ""31.9%"", ""% 2nd Serve Return Points Won"": ""54.3%"", ""% Return Games Won"": ""28.2%"", ""% Break Points Converted"": ""43.1%""}"
2026-03-07T07:52:00.531872Z,return,Return,5,Daniil Medvedev,MM58,https://www.atptour.com/en/players/daniil-medvedev/mm58/overview,https://www.atptour.com/-/media/alias/player-headshot/MM58,155.0,% 1st Serve Return Points Won,33.1%,% 2nd Serve Return Points Won,53.3%,% Return Games Won,28.1%,% Break Points Converted,40.5%,,,,,"{""% 1st Serve Return Points Won"": ""33.1%"", ""% 2nd Serve Return Points Won"": ""53.3%"", ""% Return Games Won"": ""28.1%"", ""% Break Points Converted"": ""40.5%""}"
2026-03-07T07:52:00.531872Z,return,Return,6,Novak Djokovic,D643,https://www.atptour.com/en/players/novak-djokovic/d643/overview,https://www.atptour.com/-/media/alias/player-headshot/D643,153.3,% 1st Serve Return Points Won,32.1%,% 2nd Serve Return Points Won,52.5%,% Return Games Won,26.4%,% Break Points Converted,42.3%,,,,,"{""% 1st Serve Return Points Won"": ""32.1%"", ""% 2nd Serve Return Points Won"": ""52.5%"", ""% Return Games Won"": ""26.4%"", ""% Break Points Converted"": ""42.3%""}"
2026-03-07T07:52:00.531872Z,return,Return,7,Sebastian Baez,B0BI,https://www.atptour.com/en/players/sebastian-baez/b0bi/overview,https://www.atptour.com/-/media/alias/player-headshot/B0BI,152.6,% 1st Serve Return Points Won,31.6%,% 2nd Serve Return Points Won,51.3%,% Return Games Won,26.0%,% Break Points Converted,43.7%,,,,,"{""% 1st Serve Return Points Won"": ""31.6%"", ""% 2nd Serve Return Points Won"": ""51.3%"", ""% Return Games Won"": ""26.0%"", ""% Break Points Converted"": ""43.7%""}"
2026-03-07T07:52:00.531872Z,return,Return,8,Mariano Navone,N0BS,https://www.atptour.com/en/players/mariano-navone/n0bs/overview,https://www.atptour.com/-/media/alias/player-headshot/N0BS,152.1,% 1st Serve Return Points Won,32.6%,% 2nd Serve Return Points Won,51.3%,% Return Games Won,27.5%,% Break Points Converted,40.7%,,,,,"{""% 1st Serve Return Points Won"": ""32.6%"", ""% 2nd Serve Return Points Won"": ""51.3%"", ""% Return Games Won"": ""27.5%"", ""% Break Points Converted"": ""40.7%""}"
2026-03-07T07:52:00.531872Z,return,Return,9,Marton Fucsovics,F724,https://www.atptour.com/en/players/marton-fucsovics/f724/overview,https://www.atptour.com/-/media/alias/player-headshot/F724,151.7,% 1st Serve Return Points Won,30.7%,% 2nd Serve Return Points Won,54.1%,% Return Games Won,25.8%,% Break Points Converted,41.1%,,,,,"{""% 1st Serve Return Points Won"": ""30.7%"", ""% 2nd Serve Return Points Won"": ""54.1%"", ""% Return Games Won"": ""25.8%"", ""% Break Points Converted"": ""41.1%""}"
2026-03-07T07:52:00.531872Z,return,Return,10,Denis Shapovalov,SU55,https://www.atptour.com/en/players/denis-shapovalov/su55/overview,https://www.atptour.com/-/media/alias/player-headshot/SU55,151.1,% 1st Serve Return Points Won,30.1%,% 2nd Serve Return Points Won,51.4%,% Return Games Won,25.5%,% Break Points Converted,44.1%,,,,,"{""% 1st Serve Return Points Won"": ""30.1%"", ""% 2nd Serve Return Points Won"": ""51.4%"", ""% Return Games Won"": ""25.5%"", ""% Break Points Converted"": ""44.1%""}"
2026-03-07T07:52:00.531872Z,return,Return,11,Alejandro Davidovich Fokina,DH50,https://www.atptour.com/en/players/alejandro-davidovich/dh50/overview,https://www.atptour.com/-/media/alias/player-headshot/DH50,149.8,% 1st Serve Return Points Won,29.7%,% 2nd Serve Return Points Won,52.0%,% Return Games Won,24.9%,% Break Points Converted,43.2%,,,,,"{""% 1st Serve Return Points Won"": ""29.7%"", ""% 2nd Serve Return Points Won"": ""52.0%"", ""% Return Games Won"": ""24.9%"", ""% Break Points Converted"": ""43.2%""}"
2026-03-07T07:52:00.531872Z,return,Return,12,Holger Rune,R0DG,https://www.atptour.com/en/players/holger-rune/r0dg/overview,https://www.atptour.com/-/media/alias/player-headshot/R0DG,149.7,% 1st Serve Return Points Won,30.0%,% 2nd Serve Return Points Won,50.5%,% Return Games Won,24.0%,% Break Points Converted,45.2%,,,,,"{""% 1st Serve Return Points Won"": ""30.0%"", ""% 2nd Serve Return Points Won"": ""50.5%"", ""% Return Games Won"": ""24.0%"", ""% Break Points Converted"": ""45.2%""}"
2026-03-07T07:52:00.531872Z,return,Return,13,Jack Draper,D0CO,https://www.atptour.com/en/players/jack-draper/d0co/overview,https://www.atptour.com/-/media/alias/player-headshot/D0CO,149.5,% 1st Serve Return Points Won,30.8%,% 2nd Serve Return Points Won,52.4%,% Return Games Won,26.1%,% Break Points Converted,40.2%,,,,,"{""% 1st Serve Return Points Won"": ""30.8%"", ""% 2nd Serve Return Points Won"": ""52.4%"", ""% Return Games Won"": ""26.1%"", ""% Break Points Converted"": ""40.2%""}"
2026-03-07T07:52:00.531872Z,return,Return,14,Corentin Moutet,MW02,https://www.atptour.com/en/players/corentin-moutet/mw02/overview,https://www.atptour.com/-/media/alias/player-headshot/MW02,149.3,% 1st Serve Return Points Won,32.3%,% 2nd Serve Return Points Won,49.6%,% Return Games Won,24.7%,% Break Points Converted,42.7%,,,,,"{""% 1st Serve Return Points Won"": ""32.3%"", ""% 2nd Serve Return Points Won"": ""49.6%"", ""% Return Games Won"": ""24.7%"", ""% Break Points Converted"": ""42.7%""}"
2026-03-07T07:52:00.531872Z,return,Return,15,Lorenzo Musetti,M0EJ,https://www.atptour.com/en/players/lorenzo-musetti/m0ej/overview,https://www.atptour.com/-/media/alias/player-headshot/M0EJ,148.7,% 1st Serve Return Points Won,30.8%,% 2nd Serve Return Points Won,52.9%,% Return Games Won,25.4%,% Break Points Converted,39.6%,,,,,"{""% 1st Serve Return Points Won"": ""30.8%"", ""% 2nd Serve Return Points Won"": ""52.9%"", ""% Return Games Won"": ""25.4%"", ""% Break Points Converted"": ""39.6%""}"
2026-03-07T07:52:00.531872Z,return,Return,16,Tommy Paul,PL56,https://www.atptour.com/en/players/tommy-paul/pl56/overview,https://www.atptour.com/-/media/alias/player-headshot/PL56,148.6,% 1st Serve Return Points Won,29.7%,% 2nd Serve Return Points Won,52.1%,% Return Games Won,24.4%,% Break Points Converted,42.4%,,,,,"{""% 1st Serve Return Points Won"": ""29.7%"", ""% 2nd Serve Return Points Won"": ""52.1%"", ""% Return Games Won"": ""24.4%"", ""% Break Points Converted"": ""42.4%""}"
2026-03-07T07:52:00.531872Z,return,Return,17,Arthur Fils,F0F1,https://www.atptour.com/en/players/arthur-fils/f0f1/overview,https://www.atptour.com/-/media/alias/player-headshot/F0F1,146.3,% 1st Serve Return Points Won,30.4%,% 2nd Serve Return Points Won,50.6%,% Return Games Won,23.5%,% Break Points Converted,41.8%,,,,,"{""% 1st Serve Return Points Won"": ""30.4%"", ""% 2nd Serve Return Points Won"": ""50.6%"", ""% Return Games Won"": ""23.5%"", ""% Break Points Converted"": ""41.8%""}"
2026-03-07T07:52:00.531872Z,return,Return,18,Damir Dzumhur,D923,https://www.atptour.com/en/players/damir-dzumhur/d923/overview,https://www.atptour.com/-/media/alias/player-headshot/D923,146.1,% 1st Serve Return Points Won,31.5%,% 2nd Serve Return Points Won,48.0%,% Return Games Won,22.6%,% Break Points Converted,44.0%,,,,,"{""% 1st Serve Return Points Won"": ""31.5%"", ""% 2nd Serve Return Points Won"": ""48.0%"", ""% Return Games Won"": ""22.6%"", ""% Break Points Converted"": ""44.0%""}"
2026-03-07T07:52:00.531872Z,return,Return,19,Learner Tien,T0HA,https://www.atptour.com/en/players/learner-tien/t0ha/overview,https://www.atptour.com/-/media/alias/player-headshot/T0HA,144.9,% 1st Serve Return Points Won,28.0%,% 2nd Serve Return Points Won,52.3%,% Return Games Won,22.5%,% Break Points Converted,42.1%,,,,,"{""% 1st Serve Return Points Won"": ""28.0%"", ""% 2nd Serve Return Points Won"": ""52.3%"", ""% Return Games Won"": ""22.5%"", ""% Break Points Converted"": ""42.1%""}"
2026-03-07T07:52:00.531872Z,return,Return,20,Jenson Brooksby,B0CD,https://www.atptour.com/en/players/jenson-brooksby/b0cd/overview,https://www.atptour.com/-/media/alias/player-headshot/B0CD,144.0,% 1st Serve Return Points Won,29.6%,% 2nd Serve Return Points Won,52.0%,% Return Games Won,23.3%,% Break Points Converted,39.1%,,,,,"{""% 1st Serve Return Points Won"": ""29.6%"", ""% 2nd Serve Return Points Won"": ""52.0%"", ""% Return Games Won"": ""23.3%"", ""% Break Points Converted"": ""39.1%""}"
2026-03-07T07:52:00.531872Z,return,Return,21,Jaume Munar,MU94,https://www.atptour.com/en/players/jaume-munar/mu94/overview,https://www.atptour.com/-/media/alias/player-headshot/MU94,143.4,% 1st Serve Return Points Won,30.9%,% 2nd Serve Return Points Won,50.6%,% Return Games Won,24.3%,% Break Points Converted,37.6%,,,,,"{""% 1st Serve Return Points Won"": ""30.9%"", ""% 2nd Serve Return Points Won"": ""50.6%"", ""% Return Games Won"": ""24.3%"", ""% Break Points Converted"": ""37.6%""}"
2026-03-07T07:52:00.531872Z,return,Return,22,Alexander Zverev,Z355,https://www.atptour.com/en/players/alexander-zverev/z355/overview,https://www.atptour.com/-/media/alias/player-headshot/Z355,143.4,% 1st Serve Return Points Won,29.7%,% 2nd Serve Return Points Won,50.1%,% Return Games Won,21.8%,% Break Points Converted,41.8%,,,,,"{""% 1st Serve Return Points Won"": ""29.7%"", ""% 2nd Serve Return Points Won"": ""50.1%"", ""% Return Games Won"": ""21.8%"", ""% Break Points Converted"": ""41.8%""}"
2026-03-07T07:52:00.531872Z,return,Return,23,Jacob Fearnley,F0BY,https://www.atptour.com/en/players/jacob-fearnley/f0by/overview,https://www.atptour.com/-/media/alias/player-headshot/F0BY,142.8,% 1st Serve Return Points Won,29.7%,% 2nd Serve Return Points Won,48.0%,% Return Games Won,21.9%,% Break Points Converted,43.2%,,,,,"{""% 1st Serve Return Points Won"": ""29.7%"", ""% 2nd Serve Return Points Won"": ""48.0%"", ""% Return Games Won"": ""21.9%"", ""% Break Points Converted"": ""43.2%""}"
2026-03-07T07:52:00.531872Z,return,Return,24,Vit Kopriva,KI82,https://www.atptour.com/en/players/vit-kopriva/ki82/overview,https://www.atptour.com/-/media/alias/player-headshot/KI82,141.3,% 1st Serve Return Points Won,28.7%,% 2nd Serve Return Points Won,50.8%,% Return Games Won,22.6%,% Break Points Converted,39.2%,,,,,"{""% 1st Serve Return Points Won"": ""28.7%"", ""% 2nd Serve Return Points Won"": ""50.8%"", ""% Return Games Won"": ""22.6%"", ""% Break Points Converted"": ""39.2%""}"
2026-03-07T07:52:00.531872Z,return,Return,25,Flavio Cobolli,C0E9,https://www.atptour.com/en/players/flavio-cobolli/c0e9/overview,https://www.atptour.com/-/media/alias/player-headshot/C0E9,141.3,% 1st Serve Return Points Won,31.0%,% 2nd Serve Return Points Won,48.6%,% Return Games Won,23.4%,% Break Points Converted,38.3%,,,,,"{""% 1st Serve Return Points Won"": ""31.0%"", ""% 2nd Serve Return Points Won"": ""48.6%"", ""% Return Games Won"": ""23.4%"", ""% Break Points Converted"": ""38.3%""}"
2026-03-07T07:52:00.531872Z,return,Return,26,Luciano Darderi,D0FJ,https://www.atptour.com/en/players/luciano-darderi/d0fj/overview,https://www.atptour.com/-/media/alias/player-headshot/D0FJ,141.3,% 1st Serve Return Points Won,30.4%,% 2nd Serve Return Points Won,49.4%,% Return Games Won,22.9%,% Break Points Converted,38.6%,,,,,"{""% 1st Serve Return Points Won"": ""30.4%"", ""% 2nd Serve Return Points Won"": ""49.4%"", ""% Return Games Won"": ""22.9%"", ""% Break Points Converted"": ""38.6%""}"
2026-03-07T07:52:00.531872Z,return,Return,27,Frances Tiafoe,TD51,https://www.atptour.com/en/players/frances-tiafoe/td51/overview,https://www.atptour.com/-/media/alias/player-headshot/TD51,141.0,% 1st Serve Return Points Won,28.2%,% 2nd Serve Return Points Won,50.2%,% Return Games Won,22.7%,% Break Points Converted,39.9%,,,,,"{""% 1st Serve Return Points Won"": ""28.2%"", ""% 2nd Serve Return Points Won"": ""50.2%"", ""% Return Games Won"": ""22.7%"", ""% Break Points Converted"": ""39.9%""}"
2026-03-07T07:52:00.531872Z,return,Return,28,Karen Khachanov,KE29,https://www.atptour.com/en/players/karen-khachanov/ke29/overview,https://www.atptour.com/-/media/alias/player-headshot/KE29,140.2,% 1st Serve Return Points Won,27.8%,% 2nd Serve Return Points Won,51.2%,% Return Games Won,21.7%,% Break Points Converted,39.5%,,,,,"{""% 1st Serve Return Points Won"": ""27.8%"", ""% 2nd Serve Return Points Won"": ""51.2%"", ""% Return Games Won"": ""21.7%"", ""% Break Points Converted"": ""39.5%""}"
2026-03-07T07:52:00.531872Z,return,Return,29,Jakub Mensik,M0NI,https://www.atptour.com/en/players/jakub-mensik/m0ni/overview,https://www.atptour.com/-/media/alias/player-headshot/M0NI,140.2,% 1st Serve Return Points Won,29.6%,% 2nd Serve Return Points Won,48.6%,% Return Games Won,20.7%,% Break Points Converted,41.3%,,,,,"{""% 1st Serve Return Points Won"": ""29.6%"", ""% 2nd Serve Return Points Won"": ""48.6%"", ""% Return Games Won"": ""20.7%"", ""% Break Points Converted"": ""41.3%""}"
2026-03-07T07:52:00.531872Z,return,Return,30,Kamil Majchrzak,MQ75,https://www.atptour.com/en/players/kamil-majchrzak/mq75/overview,https://www.atptour.com/-/media/alias/player-headshot/MQ75,140.0,% 1st Serve Return Points Won,27.2%,% 2nd Serve Return Points Won,53.1%,% Return Games Won,20.3%,% Break Points Converted,39.4%,,,,,"{""% 1st Serve Return Points Won"": ""27.2%"", ""% 2nd Serve Return Points Won"": ""53.1%"", ""% Return Games Won"": ""20.3%"", ""% Break Points Converted"": ""39.4%""}"
2026-03-07T07:52:00.531872Z,return,Return,31,Tomas Machac,M0FH,https://www.atptour.com/en/players/tomas-machac/m0fh/overview,https://www.atptour.com/-/media/alias/player-headshot/M0FH,139.4,% 1st Serve Return Points Won,25.5%,% 2nd Serve Return Points Won,48.6%,% Return Games Won,19.8%,% Break Points Converted,45.5%,,,,,"{""% 1st Serve Return Points Won"": ""25.5%"", ""% 2nd Serve Return Points Won"": ""48.6%"", ""% Return Games Won"": ""19.8%"", ""% Break Points Converted"": ""45.5%""}"
2026-03-07T07:52:00.531872Z,return,Return,32,Andrey Rublev,RE44,https://www.atptour.com/en/players/andrey-rublev/re44/overview,https://www.atptour.com/-/media/alias/player-headshot/RE44,139.1,% 1st Serve Return Points Won,29.6%,% 2nd Serve Return Points Won,49.1%,% Return Games Won,21.9%,% Break Points Converted,38.5%,,,,,"{""% 1st Serve Return Points Won"": ""29.6%"", ""% 2nd Serve Return Points Won"": ""49.1%"", ""% Return Games Won"": ""21.9%"", ""% Break Points Converted"": ""38.5%""}"
2026-03-07T07:52:00.531872Z,return,Return,33,Pedro Martinez,MO44,https://www.atptour.com/en/players/pedro-martinez/mo44/overview,https://www.atptour.com/-/media/alias/player-headshot/MO44,138.6,% 1st Serve Return Points Won,25.9%,% 2nd Serve Return Points Won,50.9%,% Return Games Won,19.6%,% Break Points Converted,42.2%,,,,,"{""% 1st Serve Return Points Won"": ""25.9%"", ""% 2nd Serve Return Points Won"": ""50.9%"", ""% Return Games Won"": ""19.6%"", ""% Break Points Converted"": ""42.2%""}"
2026-03-07T07:52:00.531872Z,return,Return,34,Grigor Dimitrov,D875,https://www.atptour.com/en/players/grigor-dimitrov/d875/overview,https://www.atptour.com/-/media/alias/player-headshot/D875,138.2,% 1st Serve Return Points Won,29.7%,% 2nd Serve Return Points Won,49.7%,% Return Games Won,20.5%,% Break Points Converted,38.3%,,,,,"{""% 1st Serve Return Points Won"": ""29.7%"", ""% 2nd Serve Return Points Won"": ""49.7%"", ""% Return Games Won"": ""20.5%"", ""% Break Points Converted"": ""38.3%""}"
2026-03-07T07:52:00.531872Z,return,Return,35,Casper Ruud,RH16,https://www.atptour.com/en/players/casper-ruud/rh16/overview,https://www.atptour.com/-/media/alias/player-headshot/RH16,137.4,% 1st Serve Return Points Won,28.0%,% 2nd Serve Return Points Won,49.4%,% Return Games Won,21.2%,% Break Points Converted,38.8%,,,,,"{""% 1st Serve Return Points Won"": ""28.0%"", ""% 2nd Serve Return Points Won"": ""49.4%"", ""% Return Games Won"": ""21.2%"", ""% Break Points Converted"": ""38.8%""}"
2026-03-07T07:52:00.531872Z,return,Return,36,Marcos Giron,GC88,https://www.atptour.com/en/players/marcos-giron/gc88/overview,https://www.atptour.com/-/media/alias/player-headshot/GC88,137.1,% 1st Serve Return Points Won,27.2%,% 2nd Serve Return Points Won,50.2%,% Return Games Won,18.8%,% Break Points Converted,40.9%,,,,,"{""% 1st Serve Return Points Won"": ""27.2%"", ""% 2nd Serve Return Points Won"": ""50.2%"", ""% Return Games Won"": ""18.8%"", ""% Break Points Converted"": ""40.9%""}"
2026-03-07T07:52:00.531872Z,return,Return,37,Jiri Lehecka,L0BV,https://www.atptour.com/en/players/jiri-lehecka/l0bv/overview,https://www.atptour.com/-/media/alias/player-headshot/L0BV,136.9,% 1st Serve Return Points Won,28.2%,% 2nd Serve Return Points Won,48.3%,% Return Games Won,19.9%,% Break Points Converted,40.5%,,,,,"{""% 1st Serve Return Points Won"": ""28.2%"", ""% 2nd Serve Return Points Won"": ""48.3%"", ""% Return Games Won"": ""19.9%"", ""% Break Points Converted"": ""40.5%""}"
2026-03-07T07:52:00.531872Z,return,Return,38,Fabian Marozsan,M0CI,https://www.atptour.com/en/players/fabian-marozsan/m0ci/overview,https://www.atptour.com/-/media/alias/player-headshot/M0CI,136.9,% 1st Serve Return Points Won,28.9%,% 2nd Serve Return Points Won,48.6%,% Return Games Won,20.3%,% Break Points Converted,39.1%,,,,,"{""% 1st Serve Return Points Won"": ""28.9%"", ""% 2nd Serve Return Points Won"": ""48.6%"", ""% Return Games Won"": ""20.3%"", ""% Break Points Converted"": ""39.1%""}"
2026-03-07T07:52:00.531872Z,return,Return,39,Valentin Vacherot,VA25,https://www.atptour.com/en/players/valentin-vacherot/va25/overview,https://www.atptour.com/-/media/alias/player-headshot/VA25,136.7,% 1st Serve Return Points Won,27.7%,% 2nd Serve Return Points Won,49.1%,% Return Games Won,20.9%,% Break Points Converted,39.0%,,,,,"{""% 1st Serve Return Points Won"": ""27.7%"", ""% 2nd Serve Return Points Won"": ""49.1%"", ""% Return Games Won"": ""20.9%"", ""% Break Points Converted"": ""39.0%""}"
2026-03-07T07:52:00.531872Z,return,Return,40,Botic van de Zandschulp,V812,https://www.atptour.com/en/players/botic-van/v812/overview,https://www.atptour.com/-/media/alias/player-headshot/V812,136.3,% 1st Serve Return Points Won,29.3%,% 2nd Serve Return Points Won,49.6%,% Return Games Won,19.6%,% Break Points Converted,37.8%,,,,,"{""% 1st Serve Return Points Won"": ""29.3%"", ""% 2nd Serve Return Points Won"": ""49.6%"", ""% Return Games Won"": ""19.6%"", ""% Break Points Converted"": ""37.8%""}"
2026-03-07T07:52:00.531872Z,return,Return,41,Camilo Ugo Carabelli,U182,https://www.atptour.com/en/players/camilo-ugo/u182/overview,https://www.atptour.com/-/media/alias/player-headshot/U182,136.3,% 1st Serve Return Points Won,29.0%,% 2nd Serve Return Points Won,47.5%,% Return Games Won,19.0%,% Break Points Converted,40.8%,,,,,"{""% 1st Serve Return Points Won"": ""29.0%"", ""% 2nd Serve Return Points Won"": ""47.5%"", ""% Return Games Won"": ""19.0%"", ""% Break Points Converted"": ""40.8%""}"
2026-03-07T07:52:00.531872Z,return,Return,42,Sebastian Korda,K0AH,https://www.atptour.com/en/players/sebastian-korda/k0ah/overview,https://www.atptour.com/-/media/alias/player-headshot/K0AH,135.1,% 1st Serve Return Points Won,28.9%,% 2nd Serve Return Points Won,49.0%,% Return Games Won,19.4%,% Break Points Converted,37.8%,,,,,"{""% 1st Serve Return Points Won"": ""28.9%"", ""% 2nd Serve Return Points Won"": ""49.0%"", ""% Return Games Won"": ""19.4%"", ""% Break Points Converted"": ""37.8%""}"
2026-03-07T07:52:00.531872Z,return,Return,43,Cameron Norrie,N771,https://www.atptour.com/en/players/cameron-norrie/n771/overview,https://www.atptour.com/-/media/alias/player-headshot/N771,134.8,% 1st Serve Return Points Won,27.4%,% 2nd Serve Return Points Won,50.1%,% Return Games Won,19.5%,% Break Points Converted,37.8%,,,,,"{""% 1st Serve Return Points Won"": ""27.4%"", ""% 2nd Serve Return Points Won"": ""50.1%"", ""% Return Games Won"": ""19.5%"", ""% Break Points Converted"": ""37.8%""}"
2026-03-07T07:52:00.531872Z,return,Return,44,Adam Walton,W09E,https://www.atptour.com/en/players/adam-walton/w09e/overview,https://www.atptour.com/-/media/alias/player-headshot/W09E,134.6,% 1st Serve Return Points Won,25.5%,% 2nd Serve Return Points Won,48.9%,% Return Games Won,18.4%,% Break Points Converted,41.8%,,,,,"{""% 1st Serve Return Points Won"": ""25.5%"", ""% 2nd Serve Return Points Won"": ""48.9%"", ""% Return Games Won"": ""18.4%"", ""% Break Points Converted"": ""41.8%""}"
2026-03-07T07:52:00.531872Z,return,Return,45,Ethan Quinn,Q02L,https://www.atptour.com/en/players/ethan-quinn/q02l/overview,https://www.atptour.com/-/media/alias/player-headshot/Q02L,134.2,% 1st Serve Return Points Won,27.7%,% 2nd Serve Return Points Won,46.7%,% Return Games Won,17.5%,% Break Points Converted,42.3%,,,,,"{""% 1st Serve Return Points Won"": ""27.7%"", ""% 2nd Serve Return Points Won"": ""46.7%"", ""% Return Games Won"": ""17.5%"", ""% Break Points Converted"": ""42.3%""}"
2026-03-07T07:52:00.531872Z,return,Return,46,Francisco Comesana,C0DF,https://www.atptour.com/en/players/francisco-comesana/c0df/overview,https://www.atptour.com/-/media/alias/player-headshot/C0DF,133.5,% 1st Serve Return Points Won,28.2%,% 2nd Serve Return Points Won,49.2%,% Return Games Won,18.2%,% Break Points Converted,37.9%,,,,,"{""% 1st Serve Return Points Won"": ""28.2%"", ""% 2nd Serve Return Points Won"": ""49.2%"", ""% Return Games Won"": ""18.2%"", ""% Break Points Converted"": ""37.9%""}"
2026-03-07T07:52:00.531872Z,return,Return,47,Adrian Mannarino,ME82,https://www.atptour.com/en/players/adrian-mannarino/me82/overview,https://www.atptour.com/-/media/alias/player-headshot/ME82,133.4,% 1st Serve Return Points Won,26.5%,% 2nd Serve Return Points Won,49.3%,% Return Games Won,19.3%,% Break Points Converted,38.3%,,,,,"{""% 1st Serve Return Points Won"": ""26.5%"", ""% 2nd Serve Return Points Won"": ""49.3%"", ""% Return Games Won"": ""19.3%"", ""% Break Points Converted"": ""38.3%""}"
2026-03-07T07:52:00.531872Z,return,Return,48,Roberto Bautista Agut,BD06,https://www.atptour.com/en/players/roberto-bautista/bd06/overview,https://www.atptour.com/-/media/alias/player-headshot/BD06,133.3,% 1st Serve Return Points Won,26.8%,% 2nd Serve Return Points Won,50.6%,% Return Games Won,19.0%,% Break Points Converted,36.9%,,,,,"{""% 1st Serve Return Points Won"": ""26.8%"", ""% 2nd Serve Return Points Won"": ""50.6%"", ""% Return Games Won"": ""19.0%"", ""% Break Points Converted"": ""36.9%""}"
2026-03-07T07:52:00.531872Z,return,Return,49,Lorenzo Sonego,SU87,https://www.atptour.com/en/players/lorenzo-sonego/su87/overview,https://www.atptour.com/-/media/alias/player-headshot/SU87,133.1,% 1st Serve Return Points Won,27.5%,% 2nd Serve Return Points Won,47.6%,% Return Games Won,18.3%,% Break Points Converted,39.7%,,,,,"{""% 1st Serve Return Points Won"": ""27.5%"", ""% 2nd Serve Return Points Won"": ""47.6%"", ""% Return Games Won"": ""18.3%"", ""% Break Points Converted"": ""39.7%""}"
2026-03-07T07:52:00.531872Z,return,Return,50,Miomir Kecmanovic,KI95,https://www.atptour.com/en/players/miomir-kecmanovic/ki95/overview,https://www.atptour.com/-/media/alias/player-headshot/KI95,132.7,% 1st Serve Return Points Won,25.6%,% 2nd Serve Return Points Won,51.9%,% Return Games Won,18.8%,% Break Points Converted,36.4%,,,,,"{""% 1st Serve Return Points Won"": ""25.6%"", ""% 2nd Serve Return Points Won"": ""51.9%"", ""% Return Games Won"": ""18.8%"", ""% Break Points Converted"": ""36.4%""}"
2026-03-07T07:52:00.531872Z,serve,Serve,1,Jannik Sinner,S0AG,https://www.atptour.com/en/players/jannik-sinner/s0ag/overview,https://www.atptour.com/-/media/alias/player-headshot/S0AG,297.7,% 1st Serve,63.2%,% 1st Serve Points Won,78.9%,% 2st Serve Points Won,58.5%,% Service Games Won,91.5%,Avg. Aces/ Match,6.9,Avg. Double Faults/Match,1.3,"{""% 1st Serve"": ""63.2%"", ""% 1st Serve Points Won"": ""78.9%"", ""% 2st Serve Points Won"": ""58.5%"", ""% Service Games Won"": ""91.5%"", ""Avg. Aces/ Match"": ""6.9"", ""Avg. Double Faults/Match"": ""1.3""}"
2026-03-07T07:52:00.531872Z,serve,Serve,2,Taylor Fritz,FB98,https://www.atptour.com/en/players/taylor-fritz/fb98/overview,https://www.atptour.com/-/media/alias/player-headshot/FB98,296.9,% 1st Serve,64.8%,% 1st Serve Points Won,79.6%,% 2st Serve Points Won,53.2%,% Service Games Won,88.5%,Avg. Aces/ Match,12.8,Avg. Double Faults/Match,2.0,"{""% 1st Serve"": ""64.8%"", ""% 1st Serve Points Won"": ""79.6%"", ""% 2st Serve Points Won"": ""53.2%"", ""% Service Games Won"": ""88.5%"", ""Avg. Aces/ Match"": ""12.8"", ""Avg. Double Faults/Match"": ""2.0""}"
2026-03-07T07:52:00.531872Z,serve,Serve,3,Giovanni Mpetshi Perricard,M0GZ,https://www.atptour.com/en/players/giovanni-mpetshi/m0gz/overview,https://www.atptour.com/-/media/alias/player-headshot/M0GZ,296.2,% 1st Serve,68.5%,% 1st Serve Points Won,77.5%,% 2st Serve Points Won,52.1%,% Service Games Won,87.5%,Avg. Aces/ Match,14.1,Avg. Double Faults/Match,3.5,"{""% 1st Serve"": ""68.5%"", ""% 1st Serve Points Won"": ""77.5%"", ""% 2st Serve Points Won"": ""52.1%"", ""% Service Games Won"": ""87.5%"", ""Avg. Aces/ Match"": ""14.1"", ""Avg. Double Faults/Match"": ""3.5""}"
2026-03-07T07:52:00.531872Z,serve,Serve,4,Reilly Opelka,O522,https://www.atptour.com/en/players/reilly-opelka/o522/overview,https://www.atptour.com/-/media/alias/player-headshot/O522,295.7,% 1st Serve,63.6%,% 1st Serve Points Won,79.2%,% 2st Serve Points Won,51.4%,% Service Games Won,88.6%,Avg. Aces/ Match,17.1,Avg. Double Faults/Match,4.2,"{""% 1st Serve"": ""63.6%"", ""% 1st Serve Points Won"": ""79.2%"", ""% 2st Serve Points Won"": ""51.4%"", ""% Service Games Won"": ""88.6%"", ""Avg. Aces/ Match"": ""17.1"", ""Avg. Double Faults/Match"": ""4.2""}"
2026-03-07T07:52:00.531872Z,serve,Serve,5,Alexander Zverev,Z355,https://www.atptour.com/en/players/alexander-zverev/z355/overview,https://www.atptour.com/-/media/alias/player-headshot/Z355,294.9,% 1st Serve,72.9%,% 1st Serve Points Won,74.0%,% 2st Serve Points Won,54.3%,% Service Games Won,87.5%,Avg. Aces/ Match,7.9,Avg. Double Faults/Match,1.7,"{""% 1st Serve"": ""72.9%"", ""% 1st Serve Points Won"": ""74.0%"", ""% 2st Serve Points Won"": ""54.3%"", ""% Service Games Won"": ""87.5%"", ""Avg. Aces/ Match"": ""7.9"", ""Avg. Double Faults/Match"": ""1.7""}"
2026-03-07T07:52:00.531872Z,serve,Serve,6,Novak Djokovic,D643,https://www.atptour.com/en/players/novak-djokovic/d643/overview,https://www.atptour.com/-/media/alias/player-headshot/D643,291.4,% 1st Serve,67.2%,% 1st Serve Points Won,76.5%,% 2st Serve Points Won,54.4%,% Service Games Won,87.6%,Avg. Aces/ Match,7.9,Avg. Double Faults/Match,2.2,"{""% 1st Serve"": ""67.2%"", ""% 1st Serve Points Won"": ""76.5%"", ""% 2st Serve Points Won"": ""54.4%"", ""% Service Games Won"": ""87.6%"", ""Avg. Aces/ Match"": ""7.9"", ""Avg. Double Faults/Match"": ""2.2""}"
2026-03-07T07:52:00.531872Z,serve,Serve,7,Felix Auger-Aliassime,AG37,https://www.atptour.com/en/players/felix-auger-aliassime/ag37/overview,https://www.atptour.com/-/media/alias/player-headshot/AG37,290.6,% 1st Serve,66.6%,% 1st Serve Points Won,77.7%,% 2st Serve Points Won,52.2%,% Service Games Won,86.9%,Avg. Aces/ Match,10.1,Avg. Double Faults/Match,2.9,"{""% 1st Serve"": ""66.6%"", ""% 1st Serve Points Won"": ""77.7%"", ""% 2st Serve Points Won"": ""52.2%"", ""% Service Games Won"": ""86.9%"", ""Avg. Aces/ Match"": ""10.1"", ""Avg. Double Faults/Match"": ""2.9""}"
2026-03-07T07:52:00.531872Z,serve,Serve,8,Ben Shelton,S0S1,https://www.atptour.com/en/players/ben-shelton/s0s1/overview,https://www.atptour.com/-/media/alias/player-headshot/S0S1,290.2,% 1st Serve,65.1%,% 1st Serve Points Won,75.7%,% 2st Serve Points Won,54.6%,% Service Games Won,87.5%,Avg. Aces/ Match,10.3,Avg. Double Faults/Match,3.0,"{""% 1st Serve"": ""65.1%"", ""% 1st Serve Points Won"": ""75.7%"", ""% 2st Serve Points Won"": ""54.6%"", ""% Service Games Won"": ""87.5%"", ""Avg. Aces/ Match"": ""10.3"", ""Avg. Double Faults/Match"": ""3.0""}"
2026-03-07T07:52:00.531872Z,serve,Serve,9,Jack Draper,D0CO,https://www.atptour.com/en/players/jack-draper/d0co/overview,https://www.atptour.com/-/media/alias/player-headshot/D0CO,288.0,% 1st Serve,63.3%,% 1st Serve Points Won,77.3%,% 2st Serve Points Won,54.9%,% Service Games Won,87.5%,Avg. Aces/ Match,7.6,Avg. Double Faults/Match,2.6,"{""% 1st Serve"": ""63.3%"", ""% 1st Serve Points Won"": ""77.3%"", ""% 2st Serve Points Won"": ""54.9%"", ""% Service Games Won"": ""87.5%"", ""Avg. Aces/ Match"": ""7.6"", ""Avg. Double Faults/Match"": ""2.6""}"
2026-03-07T07:52:00.531872Z,serve,Serve,10,Carlos Alcaraz,A0E2,https://www.atptour.com/en/players/carlos-alcaraz/a0e2/overview,https://www.atptour.com/-/media/alias/player-headshot/A0E2,287.6,% 1st Serve,64.8%,% 1st Serve Points Won,74.0%,% 2st Serve Points Won,57.3%,% Service Games Won,88.3%,Avg. Aces/ Match,5.8,Avg. Double Faults/Match,2.6,"{""% 1st Serve"": ""64.8%"", ""% 1st Serve Points Won"": ""74.0%"", ""% 2st Serve Points Won"": ""57.3%"", ""% Service Games Won"": ""88.3%"", ""Avg. Aces/ Match"": ""5.8"", ""Avg. Double Faults/Match"": ""2.6""}"
2026-03-07T07:52:00.531872Z,serve,Serve,11,Brandon Nakashima,N0AE,https://www.atptour.com/en/players/brandon-nakashima/n0ae/overview,https://www.atptour.com/-/media/alias/player-headshot/N0AE,286.3,% 1st Serve,66.7%,% 1st Serve Points Won,74.5%,% 2st Serve Points Won,52.1%,% Service Games Won,85.0%,Avg. Aces/ Match,9.0,Avg. Double Faults/Match,1.0,"{""% 1st Serve"": ""66.7%"", ""% 1st Serve Points Won"": ""74.5%"", ""% 2st Serve Points Won"": ""52.1%"", ""% Service Games Won"": ""85.0%"", ""Avg. Aces/ Match"": ""9.0"", ""Avg. Double Faults/Match"": ""1.0""}"
2026-03-07T07:52:00.531872Z,serve,Serve,12,Alexander Bublik,BK92,https://www.atptour.com/en/players/alexander-bublik/bk92/overview,https://www.atptour.com/-/media/alias/player-headshot/BK92,286.2,% 1st Serve,62.6%,% 1st Serve Points Won,79.0%,% 2st Serve Points Won,49.5%,% Service Games Won,88.1%,Avg. Aces/ Match,11.7,Avg. Double Faults/Match,4.7,"{""% 1st Serve"": ""62.6%"", ""% 1st Serve Points Won"": ""79.0%"", ""% 2st Serve Points Won"": ""49.5%"", ""% Service Games Won"": ""88.1%"", ""Avg. Aces/ Match"": ""11.7"", ""Avg. Double Faults/Match"": ""4.7""}"
2026-03-07T07:52:00.531872Z,serve,Serve,13,Valentin Vacherot,VA25,https://www.atptour.com/en/players/valentin-vacherot/va25/overview,https://www.atptour.com/-/media/alias/player-headshot/VA25,283.8,% 1st Serve,66.0%,% 1st Serve Points Won,74.5%,% 2st Serve Points Won,52.1%,% Service Games Won,85.1%,Avg. Aces/ Match,8.6,Avg. Double Faults/Match,2.5,"{""% 1st Serve"": ""66.0%"", ""% 1st Serve Points Won"": ""74.5%"", ""% 2st Serve Points Won"": ""52.1%"", ""% Service Games Won"": ""85.1%"", ""Avg. Aces/ Match"": ""8.6"", ""Avg. Double Faults/Match"": ""2.5""}"
2026-03-07T07:52:00.531872Z,serve,Serve,14,Sebastian Korda,K0AH,https://www.atptour.com/en/players/sebastian-korda/k0ah/overview,https://www.atptour.com/-/media/alias/player-headshot/K0AH,283.4,% 1st Serve,60.7%,% 1st Serve Points Won,75.8%,% 2st Serve Points Won,54.6%,% Service Games Won,85.3%,Avg. Aces/ Match,9.2,Avg. Double Faults/Match,2.2,"{""% 1st Serve"": ""60.7%"", ""% 1st Serve Points Won"": ""75.8%"", ""% 2st Serve Points Won"": ""54.6%"", ""% Service Games Won"": ""85.3%"", ""Avg. Aces/ Match"": ""9.2"", ""Avg. Double Faults/Match"": ""2.2""}"
2026-03-07T07:52:00.531872Z,serve,Serve,15,Matteo Berrettini,BK40,https://www.atptour.com/en/players/matteo-berrettini/bk40/overview,https://www.atptour.com/-/media/alias/player-headshot/BK40,283.3,% 1st Serve,66.6%,% 1st Serve Points Won,74.3%,% 2st Serve Points Won,51.5%,% Service Games Won,84.5%,Avg. Aces/ Match,8.0,Avg. Double Faults/Match,1.6,"{""% 1st Serve"": ""66.6%"", ""% 1st Serve Points Won"": ""74.3%"", ""% 2st Serve Points Won"": ""51.5%"", ""% Service Games Won"": ""84.5%"", ""Avg. Aces/ Match"": ""8.0"", ""Avg. Double Faults/Match"": ""1.6""}"
2026-03-07T07:52:00.531872Z,serve,Serve,16,Arthur Rinderknech,RC91,https://www.atptour.com/en/players/arthur-rinderknech/rc91/overview,https://www.atptour.com/-/media/alias/player-headshot/RC91,282.9,% 1st Serve,63.2%,% 1st Serve Points Won,75.6%,% 2st Serve Points Won,51.0%,% Service Games Won,86.0%,Avg. Aces/ Match,10.2,Avg. Double Faults/Match,3.1,"{""% 1st Serve"": ""63.2%"", ""% 1st Serve Points Won"": ""75.6%"", ""% 2st Serve Points Won"": ""51.0%"", ""% Service Games Won"": ""86.0%"", ""Avg. Aces/ Match"": ""10.2"", ""Avg. Double Faults/Match"": ""3.1""}"
2026-03-07T07:52:00.531872Z,serve,Serve,17,Casper Ruud,RH16,https://www.atptour.com/en/players/casper-ruud/rh16/overview,https://www.atptour.com/-/media/alias/player-headshot/RH16,281.6,% 1st Serve,65.5%,% 1st Serve Points Won,73.5%,% 2st Serve Points Won,53.2%,% Service Games Won,85.0%,Avg. Aces/ Match,6.5,Avg. Double Faults/Match,2.1,"{""% 1st Serve"": ""65.5%"", ""% 1st Serve Points Won"": ""73.5%"", ""% 2st Serve Points Won"": ""53.2%"", ""% Service Games Won"": ""85.0%"", ""Avg. Aces/ Match"": ""6.5"", ""Avg. Double Faults/Match"": ""2.1""}"
2026-03-07T07:52:00.531872Z,serve,Serve,18,Marin Cilic,C977,https://www.atptour.com/en/players/marin-cilic/c977/overview,https://www.atptour.com/-/media/alias/player-headshot/C977,281.2,% 1st Serve,56.7%,% 1st Serve Points Won,79.2%,% 2st Serve Points Won,51.0%,% Service Games Won,86.5%,Avg. Aces/ Match,11.0,Avg. Double Faults/Match,3.2,"{""% 1st Serve"": ""56.7%"", ""% 1st Serve Points Won"": ""79.2%"", ""% 2st Serve Points Won"": ""51.0%"", ""% Service Games Won"": ""86.5%"", ""Avg. Aces/ Match"": ""11.0"", ""Avg. Double Faults/Match"": ""3.2""}"
2026-03-07T07:52:00.531872Z,serve,Serve,19,Gabriel Diallo,D0F6,https://www.atptour.com/en/players/gabriel-diallo/d0f6/overview,https://www.atptour.com/-/media/alias/player-headshot/D0F6,281.1,% 1st Serve,67.5%,% 1st Serve Points Won,74.3%,% 2st Serve Points Won,49.8%,% Service Games Won,83.7%,Avg. Aces/ Match,8.4,Avg. Double Faults/Match,2.6,"{""% 1st Serve"": ""67.5%"", ""% 1st Serve Points Won"": ""74.3%"", ""% 2st Serve Points Won"": ""49.8%"", ""% Service Games Won"": ""83.7%"", ""Avg. Aces/ Match"": ""8.4"", ""Avg. Double Faults/Match"": ""2.6""}"
2026-03-07T07:52:00.531872Z,serve,Serve,20,Tallon Griekspoor,GJ37,https://www.atptour.com/en/players/tallon-griekspoor/gj37/overview,https://www.atptour.com/-/media/alias/player-headshot/GJ37,280.7,% 1st Serve,64.7%,% 1st Serve Points Won,74.4%,% 2st Serve Points Won,51.8%,% Service Games Won,84.5%,Avg. Aces/ Match,8.3,Avg. Double Faults/Match,3.0,"{""% 1st Serve"": ""64.7%"", ""% 1st Serve Points Won"": ""74.4%"", ""% 2st Serve Points Won"": ""51.8%"", ""% Service Games Won"": ""84.5%"", ""Avg. Aces/ Match"": ""8.3"", ""Avg. Double Faults/Match"": ""3.0""}"
2026-03-07T07:52:00.531872Z,serve,Serve,21,Jakub Mensik,M0NI,https://www.atptour.com/en/players/jakub-mensik/m0ni/overview,https://www.atptour.com/-/media/alias/player-headshot/M0NI,280.4,% 1st Serve,59.6%,% 1st Serve Points Won,78.1%,% 2st Serve Points Won,49.0%,% Service Games Won,84.7%,Avg. Aces/ Match,12.9,Avg. Double Faults/Match,3.9,"{""% 1st Serve"": ""59.6%"", ""% 1st Serve Points Won"": ""78.1%"", ""% 2st Serve Points Won"": ""49.0%"", ""% Service Games Won"": ""84.7%"", ""Avg. Aces/ Match"": ""12.9"", ""Avg. Double Faults/Match"": ""3.9""}"
2026-03-07T07:52:00.531872Z,serve,Serve,22,Karen Khachanov,KE29,https://www.atptour.com/en/players/karen-khachanov/ke29/overview,https://www.atptour.com/-/media/alias/player-headshot/KE29,280.1,% 1st Serve,63.9%,% 1st Serve Points Won,74.4%,% 2st Serve Points Won,52.6%,% Service Games Won,83.9%,Avg. Aces/ Match,7.6,Avg. Double Faults/Match,2.3,"{""% 1st Serve"": ""63.9%"", ""% 1st Serve Points Won"": ""74.4%"", ""% 2st Serve Points Won"": ""52.6%"", ""% Service Games Won"": ""83.9%"", ""Avg. Aces/ Match"": ""7.6"", ""Avg. Double Faults/Match"": ""2.3""}"
2026-03-07T07:52:00.531872Z,serve,Serve,23,Jiri Lehecka,L0BV,https://www.atptour.com/en/players/jiri-lehecka/l0bv/overview,https://www.atptour.com/-/media/alias/player-headshot/L0BV,279.9,% 1st Serve,62.2%,% 1st Serve Points Won,75.1%,% 2st Serve Points Won,52.9%,% Service Games Won,83.9%,Avg. Aces/ Match,8.2,Avg. Double Faults/Match,2.4,"{""% 1st Serve"": ""62.2%"", ""% 1st Serve Points Won"": ""75.1%"", ""% 2st Serve Points Won"": ""52.9%"", ""% Service Games Won"": ""83.9%"", ""Avg. Aces/ Match"": ""8.2"", ""Avg. Double Faults/Match"": ""2.4""}"
2026-03-07T07:52:00.531872Z,serve,Serve,24,Joao Fonseca,F0FV,https://www.atptour.com/en/players/joao-fonseca/f0fv/overview,https://www.atptour.com/-/media/alias/player-headshot/F0FV,279.9,% 1st Serve,66.3%,% 1st Serve Points Won,72.7%,% 2st Serve Points Won,53.0%,% Service Games Won,83.7%,Avg. Aces/ Match,6.4,Avg. Double Faults/Match,2.2,"{""% 1st Serve"": ""66.3%"", ""% 1st Serve Points Won"": ""72.7%"", ""% 2st Serve Points Won"": ""53.0%"", ""% Service Games Won"": ""83.7%"", ""Avg. Aces/ Match"": ""6.4"", ""Avg. Double Faults/Match"": ""2.2""}"
2026-03-07T07:52:00.531872Z,serve,Serve,25,Stefanos Tsitsipas,TE51,https://www.atptour.com/en/players/stefanos-tsitsipas/te51/overview,https://www.atptour.com/-/media/alias/player-headshot/TE51,279.2,% 1st Serve,59.8%,% 1st Serve Points Won,76.5%,% 2st Serve Points Won,53.0%,% Service Games Won,86.0%,Avg. Aces/ Match,7.1,Avg. Double Faults/Match,3.2,"{""% 1st Serve"": ""59.8%"", ""% 1st Serve Points Won"": ""76.5%"", ""% 2st Serve Points Won"": ""53.0%"", ""% Service Games Won"": ""86.0%"", ""Avg. Aces/ Match"": ""7.1"", ""Avg. Double Faults/Match"": ""3.2""}"
2026-03-07T07:52:00.531872Z,serve,Serve,26,Lorenzo Musetti,M0EJ,https://www.atptour.com/en/players/lorenzo-musetti/m0ej/overview,https://www.atptour.com/-/media/alias/player-headshot/M0EJ,279.0,% 1st Serve,65.5%,% 1st Serve Points Won,71.2%,% 2st Serve Points Won,56.0%,% Service Games Won,83.4%,Avg. Aces/ Match,4.8,Avg. Double Faults/Match,1.9,"{""% 1st Serve"": ""65.5%"", ""% 1st Serve Points Won"": ""71.2%"", ""% 2st Serve Points Won"": ""56.0%"", ""% Service Games Won"": ""83.4%"", ""Avg. Aces/ Match"": ""4.8"", ""Avg. Double Faults/Match"": ""1.9""}"
2026-03-07T07:52:00.531872Z,serve,Serve,27,Alejandro Tabilo,TE30,https://www.atptour.com/en/players/alejandro-tabilo/te30/overview,https://www.atptour.com/-/media/alias/player-headshot/TE30,277.9,% 1st Serve,65.5%,% 1st Serve Points Won,71.7%,% 2st Serve Points Won,53.2%,% Service Games Won,83.2%,Avg. Aces/ Match,5.9,Avg. Double Faults/Match,1.6,"{""% 1st Serve"": ""65.5%"", ""% 1st Serve Points Won"": ""71.7%"", ""% 2st Serve Points Won"": ""53.2%"", ""% Service Games Won"": ""83.2%"", ""Avg. Aces/ Match"": ""5.9"", ""Avg. Double Faults/Match"": ""1.6""}"
2026-03-07T07:52:00.531872Z,serve,Serve,28,Ugo Humbert,HH26,https://www.atptour.com/en/players/ugo-humbert/hh26/overview,https://www.atptour.com/-/media/alias/player-headshot/HH26,276.8,% 1st Serve,61.7%,% 1st Serve Points Won,73.7%,% 2st Serve Points Won,53.9%,% Service Games Won,83.4%,Avg. Aces/ Match,6.7,Avg. Double Faults/Match,2.6,"{""% 1st Serve"": ""61.7%"", ""% 1st Serve Points Won"": ""73.7%"", ""% 2st Serve Points Won"": ""53.9%"", ""% Service Games Won"": ""83.4%"", ""Avg. Aces/ Match"": ""6.7"", ""Avg. Double Faults/Match"": ""2.6""}"
2026-03-07T07:52:00.531872Z,serve,Serve,29,Andrey Rublev,RE44,https://www.atptour.com/en/players/andrey-rublev/re44/overview,https://www.atptour.com/-/media/alias/player-headshot/RE44,275.8,% 1st Serve,59.4%,% 1st Serve Points Won,77.5%,% 2st Serve Points Won,50.4%,% Service Games Won,83.6%,Avg. Aces/ Match,8.0,Avg. Double Faults/Match,3.1,"{""% 1st Serve"": ""59.4%"", ""% 1st Serve Points Won"": ""77.5%"", ""% 2st Serve Points Won"": ""50.4%"", ""% Service Games Won"": ""83.6%"", ""Avg. Aces/ Match"": ""8.0"", ""Avg. Double Faults/Match"": ""3.1""}"
2026-03-07T07:52:00.531872Z,serve,Serve,30,Aleksandar Kovacevic,K0AZ,https://www.atptour.com/en/players/aleksandar-kovacevic/k0az/overview,https://www.atptour.com/-/media/alias/player-headshot/K0AZ,275.7,% 1st Serve,59.3%,% 1st Serve Points Won,76.1%,% 2st Serve Points Won,50.6%,% Service Games Won,83.5%,Avg. Aces/ Match,10.0,Avg. Double Faults/Match,3.8,"{""% 1st Serve"": ""59.3%"", ""% 1st Serve Points Won"": ""76.1%"", ""% 2st Serve Points Won"": ""50.6%"", ""% Service Games Won"": ""83.5%"", ""Avg. Aces/ Match"": ""10.0"", ""Avg. Double Faults/Match"": ""3.8""}"
2026-03-07T07:52:00.531872Z,serve,Serve,31,Tommy Paul,PL56,https://www.atptour.com/en/players/tommy-paul/pl56/overview,https://www.atptour.com/-/media/alias/player-headshot/PL56,275.3,% 1st Serve,60.2%,% 1st Serve Points Won,73.8%,% 2st Serve Points Won,54.1%,% Service Games Won,82.8%,Avg. Aces/ Match,6.5,Avg. Double Faults/Match,2.1,"{""% 1st Serve"": ""60.2%"", ""% 1st Serve Points Won"": ""73.8%"", ""% 2st Serve Points Won"": ""54.1%"", ""% Service Games Won"": ""82.8%"", ""Avg. Aces/ Match"": ""6.5"", ""Avg. Double Faults/Match"": ""2.1""}"
2026-03-07T07:52:00.531872Z,serve,Serve,32,Tomas Martin Etcheverry,EA24,https://www.atptour.com/en/players/tomas-martin/ea24/overview,https://www.atptour.com/-/media/alias/player-headshot/EA24,275.1,% 1st Serve,63.4%,% 1st Serve Points Won,72.6%,% 2st Serve Points Won,51.5%,% Service Games Won,81.7%,Avg. Aces/ Match,7.6,Avg. Double Faults/Match,1.7,"{""% 1st Serve"": ""63.4%"", ""% 1st Serve Points Won"": ""72.6%"", ""% 2st Serve Points Won"": ""51.5%"", ""% Service Games Won"": ""81.7%"", ""Avg. Aces/ Match"": ""7.6"", ""Avg. Double Faults/Match"": ""1.7""}"
2026-03-07T07:52:00.531872Z,serve,Serve,33,Holger Rune,R0DG,https://www.atptour.com/en/players/holger-rune/r0dg/overview,https://www.atptour.com/-/media/alias/player-headshot/R0DG,275.0,% 1st Serve,62.5%,% 1st Serve Points Won,73.1%,% 2st Serve Points Won,52.9%,% Service Games Won,84.1%,Avg. Aces/ Match,5.3,Avg. Double Faults/Match,2.9,"{""% 1st Serve"": ""62.5%"", ""% 1st Serve Points Won"": ""73.1%"", ""% 2st Serve Points Won"": ""52.9%"", ""% Service Games Won"": ""84.1%"", ""Avg. Aces/ Match"": ""5.3"", ""Avg. Double Faults/Match"": ""2.9""}"
2026-03-07T07:52:00.531872Z,serve,Serve,34,Alexei Popyrin,P09Z,https://www.atptour.com/en/players/alexei-popyrin/p09z/overview,https://www.atptour.com/-/media/alias/player-headshot/P09Z,274.9,% 1st Serve,62.4%,% 1st Serve Points Won,74.2%,% 2st Serve Points Won,49.7%,% Service Games Won,81.4%,Avg. Aces/ Match,10.1,Avg. Double Faults/Match,2.9,"{""% 1st Serve"": ""62.4%"", ""% 1st Serve Points Won"": ""74.2%"", ""% 2st Serve Points Won"": ""49.7%"", ""% Service Games Won"": ""81.4%"", ""Avg. Aces/ Match"": ""10.1"", ""Avg. Double Faults/Match"": ""2.9""}"
2026-03-07T07:52:00.531872Z,serve,Serve,35,Lorenzo Sonego,SU87,https://www.atptour.com/en/players/lorenzo-sonego/su87/overview,https://www.atptour.com/-/media/alias/player-headshot/SU87,274.8,% 1st Serve,66.4%,% 1st Serve Points Won,72.4%,% 2st Serve Points Won,50.5%,% Service Games Won,82.1%,Avg. Aces/ Match,6.0,Avg. Double Faults/Match,2.6,"{""% 1st Serve"": ""66.4%"", ""% 1st Serve Points Won"": ""72.4%"", ""% 2st Serve Points Won"": ""50.5%"", ""% Service Games Won"": ""82.1%"", ""Avg. Aces/ Match"": ""6.0"", ""Avg. Double Faults/Match"": ""2.6""}"
2026-03-07T07:52:00.531872Z,serve,Serve,36,Alex de Minaur,DH58,https://www.atptour.com/en/players/alex-de/dh58/overview,https://www.atptour.com/-/media/alias/player-headshot/DH58,274.1,% 1st Serve,57.3%,% 1st Serve Points Won,73.2%,% 2st Serve Points Won,57.0%,% Service Games Won,84.8%,Avg. Aces/ Match,4.1,Avg. Double Faults/Match,2.3,"{""% 1st Serve"": ""57.3%"", ""% 1st Serve Points Won"": ""73.2%"", ""% 2st Serve Points Won"": ""57.0%"", ""% Service Games Won"": ""84.8%"", ""Avg. Aces/ Match"": ""4.1"", ""Avg. Double Faults/Match"": ""2.3""}"
2026-03-07T07:52:00.531872Z,serve,Serve,37,Grigor Dimitrov,D875,https://www.atptour.com/en/players/grigor-dimitrov/d875/overview,https://www.atptour.com/-/media/alias/player-headshot/D875,273.7,% 1st Serve,59.2%,% 1st Serve Points Won,75.8%,% 2st Serve Points Won,51.2%,% Service Games Won,83.2%,Avg. Aces/ Match,8.1,Avg. Double Faults/Match,3.8,"{""% 1st Serve"": ""59.2%"", ""% 1st Serve Points Won"": ""75.8%"", ""% 2st Serve Points Won"": ""51.2%"", ""% Service Games Won"": ""83.2%"", ""Avg. Aces/ Match"": ""8.1"", ""Avg. Double Faults/Match"": ""3.8""}"
2026-03-07T07:52:00.531872Z,serve,Serve,38,Cameron Norrie,N771,https://www.atptour.com/en/players/cameron-norrie/n771/overview,https://www.atptour.com/-/media/alias/player-headshot/N771,273.4,% 1st Serve,65.7%,% 1st Serve Points Won,70.5%,% 2st Serve Points Won,53.0%,% Service Games Won,81.5%,Avg. Aces/ Match,5.3,Avg. Double Faults/Match,2.6,"{""% 1st Serve"": ""65.7%"", ""% 1st Serve Points Won"": ""70.5%"", ""% 2st Serve Points Won"": ""53.0%"", ""% Service Games Won"": ""81.5%"", ""Avg. Aces/ Match"": ""5.3"", ""Avg. Double Faults/Match"": ""2.6""}"
2026-03-07T07:52:00.531872Z,serve,Serve,39,Daniil Medvedev,MM58,https://www.atptour.com/en/players/daniil-medvedev/mm58/overview,https://www.atptour.com/-/media/alias/player-headshot/MM58,273.2,% 1st Serve,62.7%,% 1st Serve Points Won,75.3%,% 2st Serve Points Won,48.4%,% Service Games Won,82.9%,Avg. Aces/ Match,8.3,Avg. Double Faults/Match,4.4,"{""% 1st Serve"": ""62.7%"", ""% 1st Serve Points Won"": ""75.3%"", ""% 2st Serve Points Won"": ""48.4%"", ""% Service Games Won"": ""82.9%"", ""Avg. Aces/ Match"": ""8.3"", ""Avg. Double Faults/Match"": ""4.4""}"
2026-03-07T07:52:00.531872Z,serve,Serve,40,Alejandro Davidovich Fokina,DH50,https://www.atptour.com/en/players/alejandro-davidovich/dh50/overview,https://www.atptour.com/-/media/alias/player-headshot/DH50,272.8,% 1st Serve,67.2%,% 1st Serve Points Won,69.4%,% 2st Serve Points Won,53.2%,% Service Games Won,81.4%,Avg. Aces/ Match,3.7,Avg. Double Faults/Match,2.1,"{""% 1st Serve"": ""67.2%"", ""% 1st Serve Points Won"": ""69.4%"", ""% 2st Serve Points Won"": ""53.2%"", ""% Service Games Won"": ""81.4%"", ""Avg. Aces/ Match"": ""3.7"", ""Avg. Double Faults/Match"": ""2.1""}"
2026-03-07T07:52:00.531872Z,serve,Serve,41,Nuno Borges,BT72,https://www.atptour.com/en/players/nuno-borges/bt72/overview,https://www.atptour.com/-/media/alias/player-headshot/BT72,272.7,% 1st Serve,66.6%,% 1st Serve Points Won,71.9%,% 2st Serve Points Won,48.8%,% Service Games Won,81.1%,Avg. Aces/ Match,6.6,Avg. Double Faults/Match,2.3,"{""% 1st Serve"": ""66.6%"", ""% 1st Serve Points Won"": ""71.9%"", ""% 2st Serve Points Won"": ""48.8%"", ""% Service Games Won"": ""81.1%"", ""Avg. Aces/ Match"": ""6.6"", ""Avg. Double Faults/Match"": ""2.3""}"
2026-03-07T07:52:00.531872Z,serve,Serve,42,Arthur Fils,F0F1,https://www.atptour.com/en/players/arthur-fils/f0f1/overview,https://www.atptour.com/-/media/alias/player-headshot/F0F1,272.6,% 1st Serve,64.1%,% 1st Serve Points Won,70.8%,% 2st Serve Points Won,54.2%,% Service Games Won,81.7%,Avg. Aces/ Match,4.3,Avg. Double Faults/Match,2.5,"{""% 1st Serve"": ""64.1%"", ""% 1st Serve Points Won"": ""70.8%"", ""% 2st Serve Points Won"": ""54.2%"", ""% Service Games Won"": ""81.7%"", ""Avg. Aces/ Match"": ""4.3"", ""Avg. Double Faults/Match"": ""2.5""}"
2026-03-07T07:52:00.531872Z,serve,Serve,43,Hamad Medjedovic,M0JF,https://www.atptour.com/en/players/hamad-medjedovic/m0jf/overview,https://www.atptour.com/-/media/alias/player-headshot/M0JF,272.1,% 1st Serve,62.9%,% 1st Serve Points Won,71.6%,% 2st Serve Points Won,51.1%,% Service Games Won,80.4%,Avg. Aces/ Match,9.6,Avg. Double Faults/Match,3.5,"{""% 1st Serve"": ""62.9%"", ""% 1st Serve Points Won"": ""71.6%"", ""% 2st Serve Points Won"": ""51.1%"", ""% Service Games Won"": ""80.4%"", ""Avg. Aces/ Match"": ""9.6"", ""Avg. Double Faults/Match"": ""3.5""}"
2026-03-07T07:52:00.531872Z,serve,Serve,44,Adrian Mannarino,ME82,https://www.atptour.com/en/players/adrian-mannarino/me82/overview,https://www.atptour.com/-/media/alias/player-headshot/ME82,271.9,% 1st Serve,60.1%,% 1st Serve Points Won,73.4%,% 2st Serve Points Won,52.2%,% Service Games Won,82.1%,Avg. Aces/ Match,5.9,Avg. Double Faults/Match,1.8,"{""% 1st Serve"": ""60.1%"", ""% 1st Serve Points Won"": ""73.4%"", ""% 2st Serve Points Won"": ""52.2%"", ""% Service Games Won"": ""82.1%"", ""Avg. Aces/ Match"": ""5.9"", ""Avg. Double Faults/Match"": ""1.8""}"
2026-03-07T07:52:00.531872Z,serve,Serve,45,Kamil Majchrzak,MQ75,https://www.atptour.com/en/players/kamil-majchrzak/mq75/overview,https://www.atptour.com/-/media/alias/player-headshot/MQ75,271.5,% 1st Serve,62.6%,% 1st Serve Points Won,71.8%,% 2st Serve Points Won,51.5%,% Service Games Won,81.0%,Avg. Aces/ Match,6.5,Avg. Double Faults/Match,1.9,"{""% 1st Serve"": ""62.6%"", ""% 1st Serve Points Won"": ""71.8%"", ""% 2st Serve Points Won"": ""51.5%"", ""% Service Games Won"": ""81.0%"", ""Avg. Aces/ Match"": ""6.5"", ""Avg. Double Faults/Match"": ""1.9""}"
2026-03-07T07:52:00.531872Z,serve,Serve,46,Tomas Machac,M0FH,https://www.atptour.com/en/players/tomas-machac/m0fh/overview,https://www.atptour.com/-/media/alias/player-headshot/M0FH,271.3,% 1st Serve,61.9%,% 1st Serve Points Won,71.3%,% 2st Serve Points Won,52.6%,% Service Games Won,81.8%,Avg. Aces/ Match,6.6,Avg. Double Faults/Match,2.9,"{""% 1st Serve"": ""61.9%"", ""% 1st Serve Points Won"": ""71.3%"", ""% 2st Serve Points Won"": ""52.6%"", ""% Service Games Won"": ""81.8%"", ""Avg. Aces/ Match"": ""6.6"", ""Avg. Double Faults/Match"": ""2.9""}"
2026-03-07T07:52:00.531872Z,serve,Serve,47,Fabian Marozsan,M0CI,https://www.atptour.com/en/players/fabian-marozsan/m0ci/overview,https://www.atptour.com/-/media/alias/player-headshot/M0CI,270.8,% 1st Serve,65.1%,% 1st Serve Points Won,70.1%,% 2st Serve Points Won,52.4%,% Service Games Won,81.2%,Avg. Aces/ Match,4.2,Avg. Double Faults/Match,2.2,"{""% 1st Serve"": ""65.1%"", ""% 1st Serve Points Won"": ""70.1%"", ""% 2st Serve Points Won"": ""52.4%"", ""% Service Games Won"": ""81.2%"", ""Avg. Aces/ Match"": ""4.2"", ""Avg. Double Faults/Match"": ""2.2""}"
2026-03-07T07:52:00.531872Z,serve,Serve,48,Quentin Halys,HB64,https://www.atptour.com/en/players/quentin-halys/hb64/overview,https://www.atptour.com/-/media/alias/player-headshot/HB64,270.8,% 1st Serve,59.1%,% 1st Serve Points Won,76.7%,% 2st Serve Points Won,48.7%,% Service Games Won,80.3%,Avg. Aces/ Match,9.9,Avg. Double Faults/Match,3.9,"{""% 1st Serve"": ""59.1%"", ""% 1st Serve Points Won"": ""76.7%"", ""% 2st Serve Points Won"": ""48.7%"", ""% Service Games Won"": ""80.3%"", ""Avg. Aces/ Match"": ""9.9"", ""Avg. Double Faults/Match"": ""3.9""}"
2026-03-07T07:52:00.531872Z,serve,Serve,49,Miomir Kecmanovic,KI95,https://www.atptour.com/en/players/miomir-kecmanovic/ki95/overview,https://www.atptour.com/-/media/alias/player-headshot/KI95,269.2,% 1st Serve,61.6%,% 1st Serve Points Won,73.0%,% 2st Serve Points Won,51.0%,% Service Games Won,80.4%,Avg. Aces/ Match,5.8,Avg. Double Faults/Match,2.6,"{""% 1st Serve"": ""61.6%"", ""% 1st Serve Points Won"": ""73.0%"", ""% 2st Serve Points Won"": ""51.0%"", ""% Service Games Won"": ""80.4%"", ""Avg. Aces/ Match"": ""5.8"", ""Avg. Double Faults/Match"": ""2.6""}"
2026-03-07T07:52:00.531872Z,serve,Serve,50,Jaume Munar,MU94,https://www.atptour.com/en/players/jaume-munar/mu94/overview,https://www.atptour.com/-/media/alias/player-headshot/MU94,268.8,% 1st Serve,62.2%,% 1st Serve Points Won,73.0%,% 2st Serve Points Won,51.1%,% Service Games Won,80.6%,Avg. Aces/ Match,5.0,Avg. Double Faults/Match,3.1,"{""% 1st Serve"": ""62.2%"", ""% 1st Serve Points Won"": ""73.0%"", ""% 2st Serve Points Won"": ""51.1%"", ""% Service Games Won"": ""80.6%"", ""Avg. Aces/ Match"": ""5.0"", ""Avg. Double Faults/Match"": ""3.1""}"
